timestamp,lat,lon,alt,groundspeed,heading,battery,mode,armed
2026-08-31 10:21:53,-35.3633914,149.1666918,29.998,0.01852281205356121,75,0,AUTO,True
2026-08-31 10:21:53,-35.3633914,149.1666918,29.998,0.020054161548614502,75,0,AUTO,True
2026-08-31 10:21:53,-35.3633914,149.1666918,29.998,0.020193224772810936,75,0,AUTO,True
2026-08-31 10:21:54,-35.3633914,149.1666918,29.997,0.019808316603302956,75,0,AUTO,True
2026-08-31 10:21:54,-35.3633914,149.1666918,29.997,0.019151058048009872,75,0,AUTO,True
2026-08-31 10:21:55,-35.3633914,149.1666918,29.997,0.018864689394831657,75,0,AUTO,True
2026-08-31 10:21:55,-35.3633914,149.1666918,29.997,0.01902320235967636,75,0,AUTO,True
2026-08-31 10:21:55,-35.3633914,149.1666918,29.997,0.020207107067108154,75,0,AUTO,True
2026-08-31 10:21:56,-35.3633914,149.1666918,29.997,0.020983094349503517,75,0,AUTO,True
2026-08-31 10:21:56,-35.3633914,149.1666918,29.997,0.021539712324738503,75,0,AUTO,True
2026-08-31 10:21:57,-35.3633914,149.1666918,29.997,0.02227928675711155,75,0,AUTO,True
2026-08-31 10:21:57,-35.3633914,149.1666918,29.997,0.023120244964957237,75,0,AUTO,True
2026-08-31 10:21:57,-35.3633914,149.1666918,29.997,0.022719401866197586,75,0,AUTO,True
2026-08-31 10:21:58,-35.3633914,149.1666918,29.997,0.02102569490671158,75,0,AUTO,True
2026-08-31 10:21:58,-35.3633914,149.1666918,29.997,0.019465265795588493,75,0,AUTO,True
2026-08-31 10:21:58,-35.3633914,149.1666918,29.997,0.019925715401768684,75,0,AUTO,True
2026-08-31 10:21:59,-35.3633914,149.1666918,29.997,0.02038451097905636,75,0,AUTO,True
2026-08-31 10:21:59,-35.3633914,149.1666918,29.997,0.019240083172917366,75,0,AUTO,True
2026-08-31 10:22:00,-35.3633914,149.1666918,29.997,0.020645979791879654,75,0,AUTO,True
2026-08-31 10:22:00,-35.3633914,149.1666918,29.997,0.025286206975579262,75,0,AUTO,True
2026-08-31 10:22:00,-35.3633914,149.1666918,29.997,0.025967122986912727,75,0,AUTO,True
2026-08-31 10:22:01,-35.3633914,149.1666918,29.997,0.025469034910202026,75,0,AUTO,True
2026-08-31 10:22:01,-35.3633914,149.1666918,29.997,0.024906326085329056,75,0,AUTO,True
2026-08-31 10:22:02,-35.3633914,149.1666918,29.997,0.024650339037179947,75,0,AUTO,True
2026-08-31 10:22:02,-35.3633914,149.1666918,29.997,0.024845553562045097,75,0,AUTO,True
2026-08-31 10:22:02,-35.3633914,149.1666918,29.997,0.02494640089571476,75,0,AUTO,True
2026-08-31 10:22:03,-35.3633914,149.1666918,29.997,0.025340339168906212,75,0,AUTO,True
2026-08-31 10:22:03,-35.3633914,149.1666918,29.997,0.024041395634412766,75,0,AUTO,True
2026-08-31 10:22:03,-35.3633914,149.1666918,29.997,0.023111186921596527,75,0,AUTO,True
2026-08-31 10:22:04,-35.3633914,149.1666918,29.997,0.024565018713474274,75,0,AUTO,True
2026-08-31 10:22:04,-35.3633914,149.1666918,29.997,0.024482104927301407,75,0,AUTO,True
2026-08-31 10:22:05,-35.3633914,149.1666918,29.997,0.022674044594168663,75,0,AUTO,True
2026-08-31 10:22:05,-35.3633914,149.1666918,29.997,0.02285843715071678,75,0,AUTO,True
2026-08-31 10:22:05,-35.3633914,149.1666918,29.997,0.02421524189412594,75,0,AUTO,True
2026-08-31 10:22:06,-35.3633914,149.1666918,29.997,0.023983800783753395,75,0,AUTO,True
2026-08-31 10:22:06,-35.3633914,149.1666918,29.997,0.022065935656428337,75,0,AUTO,True
2026-08-31 10:22:06,-35.3633914,149.1666918,29.996,0.02131744660437107,75,0,AUTO,True
2026-08-31 10:22:07,-35.3633914,149.1666918,29.995,0.021249812096357346,75,0,AUTO,True
2026-08-31 10:22:07,-35.3633914,149.1666918,29.993,0.02190377563238144,75,0,AUTO,True
2026-08-31 10:22:08,-35.3633914,149.1666918,29.993,0.022792639210820198,75,0,AUTO,True
2026-08-31 10:22:08,-35.3633914,149.1666918,29.995,0.0209841039031744,75,0,AUTO,True
2026-08-31 10:22:08,-35.3633914,149.1666918,29.996,0.017894959077239037,75,0,AUTO,True
2026-08-31 10:22:09,-35.3633914,149.1666918,29.997,0.017750540748238564,75,0,AUTO,True
2026-08-31 10:22:09,-35.3633914,149.1666918,29.998,0.023442115634679794,75,0,AUTO,True
2026-08-31 10:22:10,-35.3633914,149.1666918,29.997,0.025217192247509956,75,0,AUTO,True
2026-08-31 10:22:10,-35.3633914,149.1666918,29.997,0.0250261053442955,75,0,AUTO,True
2026-08-31 10:22:10,-35.3633914,149.1666918,29.997,0.02344164066016674,75,0,AUTO,True
2026-08-31 10:22:11,-35.3633914,149.1666918,29.997,0.021852480247616768,75,0,AUTO,True
2026-08-31 10:22:11,-35.3633914,149.1666918,29.997,0.021190935745835304,75,0,AUTO,True
2026-08-31 10:22:11,-35.3633914,149.1666918,29.997,0.022174175828695297,75,0,AUTO,True
2026-08-31 10:22:12,-35.3633914,149.1666918,29.997,0.02192247286438942,75,0,AUTO,True
2026-08-31 10:22:12,-35.3633914,149.1666918,29.997,0.021504724398255348,75,0,AUTO,True
2026-08-31 10:22:13,-35.3633914,149.1666918,29.997,0.02296176739037037,75,0,AUTO,True
2026-08-31 10:22:13,-35.3633914,149.1666918,29.997,0.02342369593679905,75,0,AUTO,True
2026-08-31 10:22:13,-35.3633914,149.1666918,29.997,0.023274974897503853,75,0,AUTO,True
2026-08-31 10:22:14,-35.3633914,149.1666918,29.997,0.022098511457443237,75,0,AUTO,True
2026-08-31 10:22:14,-35.3633914,149.1666918,29.997,0.021123558282852173,75,0,AUTO,True
2026-08-31 10:22:15,-35.3633914,149.1666918,29.997,0.022703830152750015,75,0,AUTO,True
2026-08-31 10:22:15,-35.3633914,149.1666918,29.997,0.02345401793718338,75,0,AUTO,True
2026-08-31 10:22:16,-35.3633914,149.1666918,29.997,0.023061754181981087,75,0,AUTO,True
2026-08-31 10:22:16,-35.3633914,149.1666918,29.997,0.023061754181981087,75,0,AUTO,True
2026-08-31 10:22:16,-35.3633914,149.1666918,29.997,0.022024523466825485,75,0,AUTO,True
2026-08-31 10:22:16,-35.3633914,149.1666918,29.997,0.02275039814412594,75,0,AUTO,True
2026-08-31 10:22:17,-35.3633914,149.1666918,29.997,0.023041585460305214,75,0,AUTO,True
2026-08-31 10:22:17,-35.3633914,149.1666918,29.997,0.023192450404167175,75,0,AUTO,True
2026-08-31 10:22:18,-35.3633914,149.1666918,29.997,0.025636186823248863,75,0,AUTO,True
2026-08-31 10:22:18,-35.3633914,149.1666918,29.997,0.026151398196816444,75,0,AUTO,True
2026-08-31 10:22:18,-35.3633914,149.1666918,29.997,0.02732325904071331,75,0,AUTO,True
2026-08-31 10:22:19,-35.3633914,149.1666918,29.997,0.02739754691720009,75,0,AUTO,True
2026-08-31 10:22:19,-35.3633914,149.1666918,29.997,0.026591958478093147,75,0,AUTO,True
2026-08-31 10:22:20,-35.3633914,149.1666918,29.997,0.027520550414919853,75,0,AUTO,True
2026-08-31 10:22:20,-35.3633914,149.1666918,29.996,0.027838921174407005,75,0,AUTO,True
2026-08-31 10:22:21,-35.3633914,149.1666918,29.998,0.0271421130746603,75,0,AUTO,True
2026-08-31 10:22:21,-35.3633914,149.1666918,29.998,0.023785244673490524,75,0,AUTO,True
2026-08-31 10:22:21,-35.3633914,149.1666918,29.997,0.024730319157242775,75,0,AUTO,True
2026-08-31 10:22:22,-35.3633914,149.1666918,29.997,0.024869967252016068,75,0,AUTO,True
2026-08-31 10:22:22,-35.3633914,149.1666918,29.997,0.023716898635029793,75,0,AUTO,True
2026-08-31 10:22:22,-35.3633914,149.1666918,29.997,0.02181892842054367,75,0,AUTO,True
2026-08-31 10:22:23,-35.3633914,149.1666918,29.997,0.02117134816944599,75,0,AUTO,True
2026-08-31 10:22:23,-35.3633914,149.1666918,29.997,0.02186530828475952,75,0,AUTO,True
2026-08-31 10:22:24,-35.3633914,149.1666918,29.997,0.022707607597112656,75,0,AUTO,True
2026-08-31 10:22:24,-35.3633914,149.1666918,29.997,0.0224149189889431,75,0,AUTO,True
2026-08-31 10:22:24,-35.3633914,149.1666918,29.997,0.021950794383883476,75,0,AUTO,True
2026-08-31 10:22:25,-35.3633914,149.1666918,29.997,0.02193552441895008,75,0,AUTO,True
2026-08-31 10:22:25,-35.3633914,149.1666918,29.997,0.02253785729408264,75,0,AUTO,True
2026-08-31 10:22:26,-35.3633914,149.1666918,29.997,0.0230228491127491,75,0,AUTO,True
2026-08-31 10:22:26,-35.3633914,149.1666918,29.997,0.022942999377846718,75,0,AUTO,True
2026-08-31 10:22:26,-35.3633914,149.1666918,29.997,0.022156890481710434,75,0,AUTO,True
2026-08-31 10:22:27,-35.3633914,149.1666918,29.997,0.021807465702295303,75,0,AUTO,True
2026-08-31 10:22:27,-35.3633914,149.1666918,29.997,0.02209760993719101,75,0,AUTO,True
2026-08-31 10:22:27,-35.3633914,149.1666918,29.997,0.02291829138994217,75,0,AUTO,True
2026-08-31 10:22:28,-35.3633914,149.1666918,29.997,0.023546429350972176,75,0,AUTO,True
2026-08-31 10:22:28,-35.3633914,149.1666918,29.997,0.022974185645580292,75,0,AUTO,True
2026-08-31 10:22:29,-35.3633914,149.1666918,29.997,0.024195844307541847,75,0,AUTO,True
2026-08-31 10:22:29,-35.3633914,149.1666918,29.997,0.023902183398604393,75,0,AUTO,True
2026-08-31 10:22:29,-35.3633914,149.1666918,29.997,0.02336864173412323,75,0,AUTO,True
2026-08-31 10:22:30,-35.3633914,149.1666918,29.997,0.024551963433623314,75,0,AUTO,True
2026-08-31 10:22:30,-35.3633914,149.1666918,29.997,0.02340812422335148,75,0,AUTO,True
2026-08-31 10:22:30,-35.3633914,149.1666918,29.997,0.023365337401628494,75,0,AUTO,True
2026-08-31 10:22:31,-35.3633914,149.1666918,29.997,0.0240666251629591,75,0,AUTO,True
2026-08-31 10:22:31,-35.3633914,149.1666918,29.997,0.024648969992995262,75,0,AUTO,True
2026-08-31 10:22:32,-35.3633914,149.1666918,29.997,0.02712095156311989,75,0,AUTO,True
2026-08-31 10:22:32,-35.3633914,149.1666918,29.997,0.027413388714194298,75,0,AUTO,True
2026-08-31 10:22:32,-35.3633914,149.1666918,29.997,0.021342936903238297,75,0,GUIDED,True
2026-08-31 10:22:33,-35.3633914,149.1666918,29.997,0.013932927511632442,75,0,GUIDED,True
2026-08-31 10:22:33,-35.3633914,149.1666918,29.997,0.01486554741859436,75,0,GUIDED,True
2026-08-31 10:22:34,-35.3633914,149.1666918,29.997,0.02005183883011341,75,0,GUIDED,True
2026-08-31 10:22:34,-35.3633914,149.1666918,29.997,0.026941226795315742,75,0,GUIDED,True
2026-08-31 10:22:34,-35.3633914,149.1666918,29.996,0.02722984552383423,75,0,GUIDED,True
2026-08-31 10:22:35,-35.3633914,149.1666918,29.996,0.02595973201096058,75,0,GUIDED,True
2026-08-31 10:22:35,-35.3633914,149.1666918,29.996,0.02429080568253994,75,0,GUIDED,True
2026-08-31 10:22:35,-35.3633914,149.1666918,29.997,0.02022750861942768,75,0,GUIDED,True
2026-08-31 10:22:36,-35.3633914,149.1666918,29.997,0.019797608256340027,75,0,GUIDED,True
2026-08-31 10:22:36,-35.3633914,149.1666918,29.997,0.02155725657939911,75,0,GUIDED,True
2026-08-31 10:22:37,-35.3633914,149.1666918,29.997,0.02254287712275982,75,0,GUIDED,True
2026-08-31 10:22:37,-35.3633914,149.1666918,29.997,0.022366784512996674,75,0,GUIDED,True
2026-08-31 10:22:37,-35.3633914,149.1666918,29.997,0.021694066002964973,75,0,GUIDED,True
2026-08-31 10:22:38,-35.3633914,149.1666918,29.997,0.022796593606472015,75,0,GUIDED,True
2026-08-31 10:22:38,-35.3633914,149.1666918,29.997,0.022217782214283943,75,0,GUIDED,True
2026-08-31 10:22:39,-35.3633914,149.1666918,29.997,0.020751269534230232,75,0,GUIDED,True
2026-08-31 10:22:39,-35.3633915,149.1666917,29.997,0.02139526791870594,75,0,GUIDED,True
2026-08-31 10:22:39,-35.3633915,149.1666917,29.997,0.022489361464977264,75,0,GUIDED,True
2026-08-31 10:22:40,-35.3633915,149.1666917,29.997,0.02381213568150997,75,0,GUIDED,True
2026-08-31 10:22:40,-35.3633915,149.1666917,29.997,0.023701833561062813,75,0,GUIDED,True
2026-08-31 10:22:40,-35.3633915,149.1666917,29.997,0.023010745644569397,75,0,GUIDED,True
2026-08-31 10:22:41,-35.3633915,149.1666917,29.997,0.02335110306739807,75,0,GUIDED,True
2026-08-31 10:22:41,-35.3633915,149.1666917,29.997,0.02317197434604168,75,0,GUIDED,True
2026-08-31 10:22:42,-35.3633915,149.1666917,29.997,0.025671981275081635,75,0,GUIDED,True
2026-08-31 10:22:42,-35.3633915,149.1666917,29.997,0.026314588263630867,75,0,GUIDED,True
2026-08-31 10:22:43,-35.3633915,149.1666917,29.997,0.028434181585907936,75,0,GUIDED,True
2026-08-31 10:22:43,-35.3633915,149.1666917,29.997,0.029270736500620842,75,0,GUIDED,True
2026-08-31 10:22:44,-35.3633915,149.1666917,29.997,0.02531546913087368,75,0,GUIDED,True
2026-08-31 10:22:44,-35.3633915,149.1666917,29.997,0.02491368167102337,75,0,GUIDED,True
2026-08-31 10:22:44,-35.3633915,149.1666917,29.997,0.025002598762512207,75,0,GUIDED,True
2026-08-31 10:22:45,-35.3633915,149.1666917,29.997,0.02594706416130066,75,0,GUIDED,True
2026-08-31 10:22:45,-35.3633915,149.1666917,29.997,0.026648813858628273,75,0,GUIDED,True
2026-08-31 10:22:45,-35.3633915,149.1666917,29.997,0.02552449330687523,75,0,GUIDED,True
2026-08-31 10:22:46,-35.3633915,149.1666917,29.997,0.023480573669075966,75,0,GUIDED,True
2026-08-31 10:22:47,-35.3633915,149.1666917,29.997,0.02211686596274376,75,0,GUIDED,True
2026-08-31 10:22:47,-35.3633915,149.1666917,29.997,0.02158486284315586,75,0,GUIDED,True
2026-08-31 10:22:47,-35.3633915,149.1666917,29.997,0.0212054755538702,75,0,GUIDED,True
2026-08-31 10:22:48,-35.3633915,149.1666917,29.997,0.020694125443696976,75,0,AUTO,True
2026-08-31 10:22:48,-35.3633915,149.1666917,29.997,0.02118363231420517,75,0,AUTO,True
2026-08-31 10:22:49,-35.3633914,149.1666917,29.997,0.03446700796484947,75,0,AUTO,True
2026-08-31 10:22:49,-35.3633911,149.1666917,29.997,0.10331498831510544,75,0,AUTO,True
2026-08-31 10:22:49,-35.3633893,149.1666918,29.997,0.23607225716114044,75,0,AUTO,True
2026-08-31 10:22:50,-35.3633876,149.1666918,29.997,0.6394788026809692,75,0,AUTO,True
2026-08-31 10:22:50,-35.3633786,149.1666922,29.998,0.8976480960845947,68,0,AUTO,True
2026-08-31 10:22:51,-35.3633739,149.1666924,29.998,1.915018916130066,19,0,AUTO,True
2026-08-31 10:22:51,-35.3633682,149.1666927,29.998,2.3444976806640625,3,0,AUTO,True
2026-08-31 10:22:51,-35.3633613,149.1666931,29.998,2.823549270629883,356,0,AUTO,True
2026-08-31 10:22:51,-35.363344,149.166694,30.001,3.3520596027374268,358,0,AUTO,True
2026-08-31 10:22:52,-35.3633336,149.1666946,30.002,4.414079666137695,2,0,AUTO,True
2026-08-31 10:22:52,-35.3633093,149.1666958,30.002,4.933432102203369,1,0,AUTO,True
2026-08-31 10:22:53,-35.3632952,149.1666966,30.002,5.988719940185547,1,0,AUTO,True
2026-08-31 10:22:53,-35.3632639,149.1666981,30.002,6.529772758483887,1,0,AUTO,True
2026-08-31 10:22:53,-35.3632466,149.1666989,30.003,7.515204429626465,1,0,AUTO,True
2026-08-31 10:22:54,-35.3632096,149.1667006,30.002,7.928771018981934,1,0,AUTO,True
2026-08-31 10:22:54,-35.3631899,149.1667015,30.001,8.610492706298828,1,0,AUTO,True
2026-08-31 10:22:55,-35.3631491,149.1667034,30.0,8.883896827697754,1,0,AUTO,True
2026-08-31 10:22:55,-35.363128,149.1667043,30.0,9.292245864868164,1,0,AUTO,True
2026-08-31 10:22:55,-35.3630852,149.1667062,30.0,9.422529220581055,1,0,AUTO,True
2026-08-31 10:22:56,-35.3630638,149.1667072,30.0,9.536230087280273,1,0,AUTO,True
2026-08-31 10:22:56,-35.3630206,149.1667091,29.998,9.554656028747559,1,0,AUTO,True
2026-08-31 10:22:56,-35.362999,149.16671,29.997,9.628198623657227,1,0,AUTO,True
2026-08-31 10:22:57,-35.3629553,149.166712,29.996,9.670785903930664,1,0,AUTO,True
2026-08-31 10:22:57,-35.3629334,149.166713,29.997,9.74471664428711,1,0,AUTO,True
2026-08-31 10:22:58,-35.3628896,149.166715,29.997,9.769598960876465,1,0,AUTO,True
2026-08-31 10:22:58,-35.3628676,149.166716,29.997,9.815868377685547,1,0,AUTO,True
2026-08-31 10:22:58,-35.3628236,149.1667181,29.997,9.838354110717773,1,0,AUTO,True
2026-08-31 10:22:59,-35.3628015,149.1667191,29.998,9.877144813537598,1,0,AUTO,True
2026-08-31 10:22:59,-35.362757,149.1667212,29.998,9.89294147491455,1,0,AUTO,True
2026-08-31 10:23:00,-35.3627347,149.1667222,29.997,9.91451644897461,1,0,AUTO,True
2026-08-31 10:23:00,-35.3626902,149.1667243,29.998,9.923185348510742,1,0,AUTO,True
2026-08-31 10:23:00,-35.362668,149.1667253,29.998,9.93567180633545,1,0,AUTO,True
2026-08-31 10:23:01,-35.3626235,149.1667274,29.998,9.937966346740723,1,0,AUTO,True
2026-08-31 10:23:01,-35.3626012,149.1667285,29.998,9.945416450500488,1,0,AUTO,True
2026-08-31 10:23:02,-35.3625567,149.1667305,30.001,9.951730728149414,1,0,AUTO,True
2026-08-31 10:23:02,-35.3625349,149.1667315,30.003,9.823653221130371,1,0,AUTO,True
2026-08-31 10:23:03,-35.3624727,149.1667344,30.008,9.136807441711426,1,0,AUTO,True
2026-08-31 10:23:03,-35.3624179,149.1667369,30.001,8.79895305633545,1,0,AUTO,True
2026-08-31 10:23:04,-35.3624019,149.1667376,29.996,7.437952995300293,1,0,AUTO,True
2026-08-31 10:23:04,-35.362374,149.1667388,29.985,7.437952995300293,1,0,AUTO,True
2026-08-31 10:23:05,-35.3623622,149.166739,29.98,5.574795722961426,1,0,AUTO,True
2026-08-31 10:23:05,-35.3623437,149.166738,29.978,4.881010055541992,0,0,AUTO,True
2026-08-31 10:23:05,-35.362337,149.1667364,29.979,3.3963623046875,352,0,AUTO,True
2026-08-31 10:23:07,-35.3623293,149.16673,29.985,2.6581108570098877,344,0,AUTO,True
2026-08-31 10:23:09,-35.3623281,149.166725,29.988,1.8229098320007324,315,0,AUTO,True
2026-08-31 10:23:09,-35.3623285,149.1667186,29.989,2.0695645809173584,300,0,AUTO,True
2026-08-31 10:23:10,-35.3623304,149.1667107,29.99,2.644845485687256,286,0,AUTO,True
2026-08-31 10:23:11,-35.3623336,149.1667012,29.99,3.356105327606201,272,0,AUTO,True
2026-08-31 10:23:13,-35.362338,149.1666904,29.991,4.06680965423584,257,0,AUTO,True
2026-08-31 10:23:14,-35.3623432,149.1666782,29.993,4.710461616516113,243,0,AUTO,True
2026-08-31 10:23:14,-35.3623491,149.1666646,29.993,5.293837547302246,240,0,AUTO,True
2026-08-31 10:23:15,-35.3623556,149.1666497,29.994,5.840624809265137,241,0,AUTO,True
2026-08-31 10:23:15,-35.3623626,149.1666337,29.994,6.357189178466797,242,0,AUTO,True
2026-08-31 10:23:15,-35.3623699,149.1666164,29.994,6.8549394607543945,242,0,AUTO,True
2026-08-31 10:23:16,-35.3623777,149.166598,29.995,7.339207649230957,242,0,AUTO,True
2026-08-31 10:23:16,-35.3623858,149.1665785,29.997,7.778462886810303,242,0,AUTO,True
2026-08-31 10:23:17,-35.3623943,149.1665581,29.999,8.164259910583496,243,0,AUTO,True
2026-08-31 10:23:17,-35.3624214,149.1664925,30.001,8.503853797912598,243,0,AUTO,True
2026-08-31 10:23:18,-35.3624309,149.1664695,30.002,9.260930061340332,243,0,AUTO,True
2026-08-31 10:23:18,-35.3624986,149.1663038,30.003,9.416923522949219,243,0,AUTO,True
2026-08-31 10:23:18,-35.3625084,149.1662799,30.003,9.706404685974121,243,0,AUTO,True
2026-08-31 10:23:19,-35.362557,149.1661592,30.004,9.73469352722168,243,0,AUTO,True
2026-08-31 10:23:19,-35.3625668,149.166135,30.003,9.837067604064941,243,0,AUTO,True
2026-08-31 10:23:20,-35.3625863,149.1660863,30.004,9.852887153625488,243,0,AUTO,True
2026-08-31 10:23:20,-35.362596,149.1660621,30.005,9.882386207580566,243,0,AUTO,True
2026-08-31 10:23:20,-35.3626352,149.1659645,30.004,9.896170616149902,243,0,AUTO,True
2026-08-31 10:23:21,-35.362645,149.16594,30.004,9.964799880981445,243,0,AUTO,True
2026-08-31 10:23:21,-35.3627017,149.1657983,30.013,9.971222877502441,243,0,AUTO,True
2026-08-31 10:23:21,-35.3627102,149.1657771,30.012,8.793914794921875,243,0,AUTO,True
2026-08-31 10:23:22,-35.3627395,149.1657044,29.994,8.389902114868164,243,0,AUTO,True
2026-08-31 10:23:22,-35.3627456,149.1656901,29.988,6.181183338165283,243,0,AUTO,True
2026-08-31 10:23:23,-35.3627677,149.1656516,29.985,5.549259662628174,241,0,AUTO,True
2026-08-31 10:23:23,-35.3627733,149.1656473,29.987,3.1661183834075928,220,0,AUTO,True
2026-08-31 10:23:23,-35.3627929,149.1656467,29.994,2.8260912895202637,208,0,AUTO,True
2026-08-31 10:23:24,-35.3628009,149.1656503,29.996,3.5066678524017334,167,0,AUTO,True
2026-08-31 10:23:24,-35.3628098,149.1656555,29.998,4.084963798522949,159,0,AUTO,True
2026-08-31 10:23:24,-35.3628195,149.1656621,29.999,4.680883407592773,155,0,AUTO,True
2026-08-31 10:23:25,-35.3628549,149.165688,30.0,5.270596981048584,152,0,AUTO,True
2026-08-31 10:23:25,-35.362869,149.1656984,30.0,6.990904331207275,149,0,AUTO,True
2026-08-31 10:23:26,-35.3628839,149.1657092,30.0,7.5215959548950195,149,0,AUTO,True
2026-08-31 10:23:26,-35.3628998,149.1657206,30.002,7.981027126312256,149,0,AUTO,True
2026-08-31 10:23:27,-35.3629511,149.1657572,30.007,8.991751670837402,150,0,AUTO,True
2026-08-31 10:23:27,-35.3630061,149.1657963,30.009,9.219738006591797,150,0,AUTO,True
2026-08-31 10:23:28,-35.3630249,149.1658097,30.01,9.672574996948242,150,0,AUTO,True
2026-08-31 10:23:28,-35.3630628,149.1658364,30.01,9.672574996948242,150,0,AUTO,True
2026-08-31 10:23:28,-35.3630819,149.1658498,30.009,9.783658027648926,150,0,AUTO,True
2026-08-31 10:23:29,-35.3631203,149.1658765,30.007,9.81570816040039,150,0,AUTO,True
2026-08-31 10:23:29,-35.3631395,149.1658899,30.007,9.870625495910645,150,0,AUTO,True
2026-08-31 10:23:30,-35.3631782,149.1659167,30.005,9.889185905456543,150,0,AUTO,True
2026-08-31 10:23:30,-35.3631976,149.1659301,30.005,9.9135103225708,150,0,AUTO,True
2026-08-31 10:23:31,-35.3632365,149.1659568,30.004,9.92049503326416,150,0,AUTO,True
2026-08-31 10:23:31,-35.3632559,149.1659702,30.004,9.93051528930664,150,0,AUTO,True
2026-08-31 10:23:31,-35.3632947,149.1659969,30.003,9.930476188659668,150,0,AUTO,True
2026-08-31 10:23:32,-35.3633141,149.1660102,30.003,9.929586410522461,150,0,AUTO,True
2026-08-31 10:23:32,-35.3633531,149.1660369,30.003,9.93272876739502,150,0,AUTO,True
2026-08-31 10:23:33,-35.3633724,149.1660502,30.003,9.936594009399414,150,0,AUTO,True
2026-08-31 10:23:33,-35.3634111,149.1660767,30.003,9.942667007446289,150,0,AUTO,True
2026-08-31 10:23:34,-35.3634306,149.16609,30.003,9.971748352050781,150,0,AUTO,True
2026-08-31 10:23:35,-35.3634695,149.1661167,30.003,9.98703670501709,150,0,AUTO,True
2026-08-31 10:23:36,-35.3634891,149.1661301,30.003,10.010233879089355,150,0,AUTO,True
2026-08-31 10:23:38,-35.3635467,149.1661695,30.011,9.99611759185791,150,0,AUTO,True
2026-08-31 10:23:38,-35.3635651,149.1661822,30.013,9.530383110046387,150,0,AUTO,True
2026-08-31 10:23:39,-35.3636,149.1662061,30.013,9.249248504638672,150,0,AUTO,True
2026-08-31 10:23:40,-35.3636163,149.1662172,30.011,8.517512321472168,150,0,AUTO,True
2026-08-31 10:23:40,-35.3636707,149.1662568,29.992,8.066699028015137,150,0,AUTO,True
2026-08-31 10:23:41,-35.3636812,149.166266,29.989,5.993072986602783,146,0,AUTO,True
2026-08-31 10:23:41,-35.3637104,149.166305,29.989,5.532546520233154,143,0,AUTO,True
2026-08-31 10:23:41,-35.3637146,149.1663162,29.991,4.422641754150391,120,0,AUTO,True
2026-08-31 10:23:42,-35.3637211,149.1663558,29.998,5.068700313568115,100,0,AUTO,True
2026-08-31 10:23:44,-35.363722,149.1664064,30.001,5.463283538818359,96,0,AUTO,True
2026-08-31 10:23:45,-35.3637216,149.1664261,30.001,6.932767391204834,90,0,AUTO,True
2026-08-31 10:23:46,-35.3637208,149.1664698,30.004,6.932767391204834,90,0,AUTO,True
2026-08-31 10:23:46,-35.3637203,149.1664932,30.006,8.365604400634766,88,0,AUTO,True
2026-08-31 10:23:47,-35.3637193,149.1665425,30.009,8.706201553344727,89,0,AUTO,True
2026-08-31 10:23:47,-35.3637188,149.1665681,30.01,9.221169471740723,89,0,AUTO,True
2026-08-31 10:23:48,-35.3637168,149.1666744,30.011,9.412375450134277,89,0,AUTO,True
2026-08-31 10:23:48,-35.3637165,149.1667013,30.011,9.826467514038086,89,0,AUTO,True
2026-08-31 10:23:49,-35.3637155,149.1667829,30.008,9.867634773254395,89,0,AUTO,True
2026-08-31 10:23:49,-35.3637153,149.1668104,30.007,9.992408752441406,89,0,AUTO,True
2026-08-31 10:23:49,-35.3637144,149.1669479,30.005,10.011368751525879,89,0,AUTO,True
2026-08-31 10:23:50,-35.3637143,149.1669754,30.004,9.99946117401123,89,0,AUTO,True
2026-08-31 10:23:50,-35.363714,149.1670303,30.003,9.992867469787598,89,0,AUTO,True
2026-08-31 10:23:51,-35.3637139,149.1670576,30.003,9.980890274047852,89,0,AUTO,True
2026-08-31 10:23:51,-35.3637136,149.16714,30.002,9.978179931640625,89,0,AUTO,True
2026-08-31 10:23:51,-35.3637135,149.1671674,30.002,9.978089332580566,89,0,AUTO,True
2026-08-31 10:23:52,-35.3637133,149.1672222,30.002,9.980077743530273,89,0,AUTO,True
2026-08-31 10:23:52,-35.3637131,149.1672495,30.002,9.976426124572754,89,0,AUTO,True
2026-08-31 10:23:52,-35.363713,149.167304,30.002,9.974446296691895,89,0,AUTO,True
2026-08-31 10:23:53,-35.3637129,149.1673315,30.001,9.995599746704102,89,0,AUTO,True
2026-08-31 10:23:53,-35.3637127,149.1673865,30.002,10.009169578552246,89,0,AUTO,True
2026-08-31 10:23:54,-35.3637126,149.1674139,30.004,10.002119064331055,89,0,AUTO,True
2026-08-31 10:23:54,-35.3637124,149.1674675,30.009,9.92174243927002,89,0,AUTO,True
2026-08-31 10:23:54,-35.3637124,149.1674934,30.011,9.546896934509277,89,0,AUTO,True
2026-08-31 10:23:55,-35.3637122,149.1675424,30.011,9.27249526977539,89,0,AUTO,True
2026-08-31 10:23:55,-35.3637121,149.1675655,30.009,8.560223579406738,89,0,AUTO,True
2026-08-31 10:23:56,-35.3637117,149.1676259,29.994,8.11089038848877,89,0,AUTO,True
2026-08-31 10:23:56,-35.3637116,149.1676427,29.988,6.399438858032227,89,0,AUTO,True
2026-08-31 10:23:57,-35.3637114,149.1676709,29.982,6.399438858032227,89,0,AUTO,True
2026-08-31 10:23:57,-35.3637112,149.1676996,29.984,4.477899551391602,89,0,AUTO,True
2026-08-31 10:23:58,-35.3637111,149.1677056,29.987,2.485818862915039,89,0,AUTO,True
2026-08-31 10:23:58,-35.3637111,149.1677149,29.991,1.8883600234985352,89,0,AUTO,True
2026-08-31 10:23:59,-35.3637111,149.1677159,29.991,0.5406103134155273,89,0,AUTO,True
2026-08-31 10:23:59,-35.3637112,149.1677156,29.989,0.2384149730205536,89,0,AUTO,True
2026-08-31 10:23:59,-35.3637112,149.167715,29.988,0.15833216905593872,89,0,AUTO,True
2026-08-31 10:24:00,-35.3637113,149.1677142,29.987,0.23630325496196747,89,0,AUTO,True
2026-08-31 10:24:00,-35.3637114,149.1677134,29.987,0.2434665858745575,89,0,AUTO,True
2026-08-31 10:24:01,-35.3637117,149.1677124,29.989,0.20276346802711487,89,0,AUTO,True
2026-08-31 10:24:01,-35.3637118,149.1677126,29.989,0.14550776779651642,89,0,AUTO,True
2026-08-31 10:24:01,-35.363712,149.1677137,29.989,0.24204321205615997,89,0,AUTO,True
2026-08-31 10:24:03,-35.363712,149.167714,29.99,0.22336329519748688,89,0,AUTO,True
2026-08-31 10:24:03,-35.3637122,149.1677138,29.99,0.13906154036521912,89,0,AUTO,True
2026-08-31 10:24:04,-35.3637122,149.1677136,29.991,0.11083387583494186,89,0,AUTO,True
2026-08-31 10:24:05,-35.3637122,149.167713,29.989,0.12935011088848114,89,0,AUTO,True
2026-08-31 10:24:05,-35.3637122,149.1677128,29.989,0.07573650032281876,89,0,AUTO,True
2026-08-31 10:24:06,-35.3637121,149.1677126,29.988,0.060854632407426834,89,0,AUTO,True
2026-08-31 10:24:06,-35.3637121,149.1677125,29.988,0.05014384537935257,89,0,AUTO,True
2026-08-31 10:24:06,-35.3637121,149.1677125,29.988,0.04791583865880966,89,0,AUTO,True
2026-08-31 10:24:07,-35.3637121,149.1677124,29.989,0.046958547085523605,89,0,AUTO,True
2026-08-31 10:24:08,-35.363712,149.1677121,29.989,0.04698720574378967,89,0,AUTO,True
2026-08-31 10:24:08,-35.363712,149.167712,29.989,0.042945459485054016,89,0,AUTO,True
2026-08-31 10:24:09,-35.3637119,149.1677118,29.989,0.03893599659204483,89,0,AUTO,True
2026-08-31 10:24:10,-35.3637119,149.1677118,29.989,0.031253062188625336,89,0,AUTO,True
2026-08-31 10:24:11,-35.3637119,149.1677117,29.989,0.02843099646270275,89,0,AUTO,True
2026-08-31 10:24:11,-35.3637119,149.1677117,29.989,0.02335265465080738,89,0,AUTO,True
2026-08-31 10:24:12,-35.3637119,149.1677116,29.988,0.022204335778951645,89,0,AUTO,True
2026-08-31 10:24:12,-35.3637119,149.1677116,29.987,0.01928752474486828,89,0,AUTO,True
2026-08-31 10:24:12,-35.3637119,149.1677115,29.987,0.01751074753701687,89,0,AUTO,True
2026-08-31 10:24:13,-35.3637119,149.1677115,29.986,0.01447292510420084,89,0,AUTO,True
2026-08-31 10:24:13,-35.3637119,149.1677114,29.987,0.016207220032811165,89,0,AUTO,True
2026-08-31 10:24:13,-35.3637118,149.1677114,29.988,0.025162748992443085,89,0,AUTO,True
2026-08-31 10:24:14,-35.3637118,149.1677114,29.989,0.025622017681598663,89,0,AUTO,True
2026-08-31 10:24:14,-35.3637118,149.1677113,29.989,0.023627255111932755,89,0,AUTO,True
2026-08-31 10:24:15,-35.3637118,149.1677113,29.99,0.02195557951927185,89,0,AUTO,True
2026-08-31 10:24:15,-35.3637118,149.1677113,29.99,0.023229816928505898,89,0,AUTO,True
2026-08-31 10:24:16,-35.3637118,149.1677113,29.99,0.0228404700756073,89,0,AUTO,True
2026-08-31 10:24:17,-35.3637118,149.1677113,29.99,0.022080957889556885,89,0,AUTO,True
2026-08-31 10:24:17,-35.3637118,149.1677113,29.99,0.021275654435157776,89,0,AUTO,True
2026-08-31 10:24:17,-35.3637118,149.1677113,29.99,0.021526865661144257,89,0,AUTO,True
2026-08-31 10:24:18,-35.3637118,149.1677113,29.99,0.022774713113904,89,0,AUTO,True
2026-08-31 10:24:18,-35.3637118,149.1677113,29.99,0.023871449753642082,89,0,AUTO,True
2026-08-31 10:24:18,-35.3637118,149.1677113,29.99,0.023918671533465385,89,0,AUTO,True
2026-08-31 10:24:19,-35.3637118,149.1677113,29.99,0.023532919585704803,89,0,AUTO,True
2026-08-31 10:24:19,-35.3637118,149.1677113,29.991,0.023236725479364395,89,0,AUTO,True
2026-08-31 10:24:20,-35.3637118,149.1677113,29.991,0.023073773831129074,89,0,AUTO,True
2026-08-31 10:24:20,-35.3637118,149.1677113,29.992,0.02238675206899643,89,0,AUTO,True
2026-08-31 10:24:20,-35.3637118,149.1677113,29.992,0.02209911309182644,89,0,AUTO,True
2026-08-31 10:24:21,-35.3637118,149.1677113,29.992,0.022258447483181953,89,0,AUTO,True
2026-08-31 10:24:21,-35.3637118,149.1677113,29.992,0.022845542058348656,89,0,AUTO,True
2026-08-31 10:24:22,-35.3637118,149.1677113,29.992,0.0232525821775198,89,0,AUTO,True
2026-08-31 10:24:22,-35.3637118,149.1677113,29.992,0.02417830191552639,89,0,AUTO,True
2026-08-31 10:24:22,-35.3637118,149.1677113,29.993,0.02398093417286873,89,0,AUTO,True
2026-08-31 10:24:23,-35.3637118,149.1677113,29.993,0.023533066734671593,89,0,AUTO,True
2026-08-31 10:24:23,-35.3637118,149.1677113,29.993,0.023316029459238052,89,0,AUTO,True
2026-08-31 10:24:24,-35.3637118,149.1677113,29.993,0.023419685661792755,89,0,AUTO,True
2026-08-31 10:24:24,-35.3637118,149.1677113,29.993,0.023012284189462662,89,0,AUTO,True
2026-08-31 10:24:24,-35.3637118,149.1677113,29.993,0.022837890312075615,89,0,AUTO,True
2026-08-31 10:24:25,-35.3637118,149.1677113,29.993,0.023287223652005196,89,0,AUTO,True
2026-08-31 10:24:25,-35.3637118,149.1677113,29.993,0.02381301298737526,89,0,AUTO,True
2026-08-31 10:24:25,-35.3637118,149.1677113,29.993,0.025604750961065292,89,0,AUTO,True
2026-08-31 10:24:26,-35.3637118,149.1677113,29.993,0.02602912113070488,89,0,AUTO,True
2026-08-31 10:24:26,-35.3637118,149.1677113,29.993,0.0244984719902277,89,0,AUTO,True
2026-08-31 10:24:27,-35.3637118,149.1677113,29.993,0.023711979389190674,89,0,AUTO,True
2026-08-31 10:24:27,-35.3637118,149.1677113,29.991,0.023291850462555885,89,0,LAND,True
2026-08-31 10:24:27,-35.3637118,149.1677113,29.866,0.023938745260238647,89,0,LAND,True
2026-08-31 10:24:28,-35.3637118,149.1677113,29.704,0.02365582250058651,89,0,LAND,True
2026-08-31 10:24:28,-35.3637118,149.1677113,29.167,0.023649699985980988,89,0,LAND,True
2026-08-31 10:24:28,-35.3637118,149.1677113,28.802,0.02509060502052307,89,0,LAND,True
2026-08-31 10:24:29,-35.3637118,149.1677113,28.011,0.02603122778236866,89,0,LAND,True
2026-08-31 10:24:29,-35.3637118,149.1677113,27.619,0.027206838130950928,89,0,LAND,True
2026-08-31 10:24:30,-35.3637118,149.1677113,26.86,0.02752731181681156,89,0,LAND,True
2026-08-31 10:24:30,-35.3637118,149.1677113,26.487,0.02608751878142357,89,0,LAND,True
2026-08-31 10:24:30,-35.3637118,149.1677113,25.748,0.025164524093270302,89,0,LAND,True
2026-08-31 10:24:31,-35.3637118,149.1677113,25.378,0.02559756487607956,89,0,LAND,True
2026-08-31 10:24:31,-35.3637118,149.1677113,24.636,0.025714408606290817,89,0,LAND,True
2026-08-31 10:24:32,-35.3637118,149.1677113,24.265,0.024550538510084152,89,0,LAND,True
2026-08-31 10:24:32,-35.3637118,149.1677113,23.516,0.02354329265654087,89,0,LAND,True
2026-08-31 10:24:32,-35.3637118,149.1677113,23.141,0.022920286282896996,89,0,LAND,True
2026-08-31 10:24:33,-35.3637118,149.1677113,22.015,0.02344326674938202,89,0,LAND,True
2026-08-31 10:24:33,-35.3637118,149.1677113,21.64,0.02250678837299347,89,0,LAND,True
2026-08-31 10:24:33,-35.3637118,149.1677113,20.892,0.02221778593957424,89,0,LAND,True
2026-08-31 10:24:34,-35.3637118,149.1677113,20.517,0.021443655714392662,89,0,LAND,True
2026-08-31 10:24:34,-35.3637118,149.1677113,19.77,0.022755151614546776,89,0,LAND,True
2026-08-31 10:24:35,-35.3637118,149.1677113,19.398,0.025902003049850464,89,0,LAND,True
2026-08-31 10:24:35,-35.3637118,149.1677113,18.652,0.025725778192281723,89,0,LAND,True
2026-08-31 10:24:36,-35.3637118,149.1677113,18.278,0.025402480736374855,89,0,LAND,True
2026-08-31 10:24:36,-35.3637118,149.1677113,17.529,0.02454037219285965,89,0,LAND,True
2026-08-31 10:24:36,-35.3637118,149.1677113,17.153,0.02343730628490448,89,0,LAND,True
2026-08-31 10:24:37,-35.3637118,149.1677113,16.402,0.023532040417194366,89,0,LAND,True
2026-08-31 10:24:37,-35.3637118,149.1677113,16.027,0.0234247837215662,89,0,LAND,True
2026-08-31 10:24:37,-35.3637118,149.1677113,15.275,0.02363591268658638,89,0,LAND,True
2026-08-31 10:24:38,-35.3637118,149.1677113,14.9,0.023766638711094856,89,0,LAND,True
2026-08-31 10:24:38,-35.3637118,149.1677113,14.146,0.02327677793800831,89,0,LAND,True
2026-08-31 10:24:38,-35.3637118,149.1677113,13.771,0.023056181147694588,89,0,LAND,True
2026-08-31 10:24:39,-35.3637118,149.1677113,13.02,0.02302302047610283,89,0,LAND,True
2026-08-31 10:24:39,-35.3637118,149.1677113,12.645,0.022983524948358536,89,0,LAND,True
2026-08-31 10:24:40,-35.3637118,149.1677113,11.524,0.02372620441019535,89,0,LAND,True
2026-08-31 10:24:40,-35.3637118,149.1677113,11.148,0.025477388873696327,89,0,LAND,True
2026-08-31 10:24:41,-35.3637118,149.1677113,10.4,0.026512907817959785,89,0,LAND,True
2026-08-31 10:24:41,-35.3637118,149.1677113,10.027,0.027131954208016396,89,0,LAND,True
2026-08-31 10:24:41,-35.3637118,149.1677113,9.653,0.027335405349731445,89,0,LAND,True
2026-08-31 10:24:42,-35.3637118,149.1677113,9.279,0.027285872027277946,89,0,LAND,True
2026-08-31 10:24:42,-35.3637118,149.1677113,8.363,0.026667103171348572,89,0,LAND,True
2026-08-31 10:24:42,-35.3637118,149.1677113,8.185,0.027613671496510506,89,0,LAND,True
2026-08-31 10:24:43,-35.3637118,149.1677113,7.947,0.027917951345443726,89,0,LAND,True
2026-08-31 10:24:43,-35.3637118,149.1677113,7.841,0.026819704100489616,89,0,LAND,True
2026-08-31 10:24:43,-35.3637118,149.1677113,7.613,0.026235833764076233,89,0,LAND,True
2026-08-31 10:24:44,-35.3637118,149.1677113,7.49,0.025911306962370872,89,0,LAND,True
2026-08-31 10:24:44,-35.3637118,149.1677113,7.234,0.025939203798770905,89,0,LAND,True
2026-08-31 10:24:45,-35.3637118,149.1677113,7.106,0.0251467302441597,89,0,LAND,True
2026-08-31 10:24:45,-35.3637118,149.1677113,6.851,0.025427639484405518,89,0,LAND,True
2026-08-31 10:24:45,-35.3637118,149.1677113,6.725,0.025347867980599403,89,0,LAND,True
2026-08-31 10:24:46,-35.3637118,149.1677113,6.474,0.024449685588479042,89,0,LAND,True
2026-08-31 10:24:46,-35.3637118,149.1677113,6.349,0.02288767136633396,89,0,LAND,True
2026-08-31 10:24:47,-35.3637118,149.1677113,6.097,0.02229495160281658,89,0,LAND,True
2026-08-31 10:24:47,-35.3637118,149.1677113,5.972,0.022416749969124794,89,0,LAND,True
2026-08-31 10:24:47,-35.3637118,149.1677113,5.721,0.022922305390238762,89,0,LAND,True
2026-08-31 10:24:48,-35.3637118,149.1677113,5.596,0.02315348945558071,89,0,LAND,True
2026-08-31 10:24:48,-35.3637118,149.1677113,5.346,0.022717272862792015,89,0,LAND,True
2026-08-31 10:24:48,-35.3637118,149.1677113,5.22,0.02333332784473896,89,0,LAND,True
2026-08-31 10:24:49,-35.3637118,149.1677113,4.969,0.023300286382436752,89,0,LAND,True
2026-08-31 10:24:49,-35.3637118,149.1677113,4.844,0.023521481081843376,89,0,LAND,True
2026-08-31 10:24:50,-35.3637118,149.1677113,4.593,0.024032603949308395,89,0,LAND,True
2026-08-31 10:24:50,-35.3637118,149.1677113,4.469,0.024357901886105537,89,0,LAND,True
2026-08-31 10:24:50,-35.3637118,149.1677113,4.219,0.023743148893117905,89,0,LAND,True
2026-08-31 10:24:51,-35.3637118,149.1677113,4.093,0.02156844176352024,89,0,LAND,True
2026-08-31 10:24:51,-35.3637118,149.1677113,3.843,0.02111443132162094,89,0,LAND,True
2026-08-31 10:24:52,-35.3637118,149.1677113,3.718,0.023625923320651054,89,0,LAND,True
2026-08-31 10:24:52,-35.3637118,149.1677113,3.343,0.025915388017892838,89,0,LAND,True
2026-08-31 10:24:53,-35.3637118,149.1677113,3.218,0.02777434140443802,89,0,LAND,True
2026-08-31 10:24:53,-35.3637118,149.1677113,2.967,0.02636132389307022,89,0,LAND,True
2026-08-31 10:24:53,-35.3637118,149.1677113,2.841,0.023656539618968964,89,0,LAND,True
2026-08-31 10:24:54,-35.3637118,149.1677113,2.591,0.02305401861667633,89,0,LAND,True
2026-08-31 10:24:54,-35.3637118,149.1677113,2.466,0.02156740427017212,89,0,LAND,True
2026-08-31 10:24:54,-35.3637118,149.1677113,2.216,0.023248374462127686,89,0,LAND,True
2026-08-31 10:24:55,-35.3637118,149.1677112,2.09,0.026819219812750816,89,0,LAND,True
2026-08-31 10:24:55,-35.3637118,149.1677112,1.841,0.02743629738688469,89,0,LAND,True
2026-08-31 10:24:55,-35.3637118,149.1677112,1.716,0.02830793708562851,89,0,LAND,True
2026-08-31 10:24:56,-35.3637118,149.1677112,1.467,0.02829916402697563,89,0,LAND,True
2026-08-31 10:24:56,-35.3637118,149.1677112,1.343,0.02868134155869484,89,0,LAND,True
2026-08-31 10:24:56,-35.3637118,149.1677112,1.093,0.02822820283472538,89,0,LAND,True
2026-08-31 10:24:57,-35.3637118,149.1677112,0.967,0.0267900712788105,89,0,LAND,True
2026-08-31 10:24:57,-35.3637118,149.1677112,0.716,0.02700459212064743,89,0,LAND,True
2026-08-31 10:24:58,-35.3637118,149.1677112,0.591,0.027998337522149086,89,0,LAND,True
2026-08-31 10:24:58,-35.3637118,149.1677112,0.34,0.027647897601127625,89,0,LAND,True
2026-08-31 10:24:58,-35.3637118,149.1677112,0.216,0.025480277836322784,89,0,LAND,True
2026-08-31 10:24:59,-35.3637118,149.1677112,-0.034,0.023311179131269455,89,0,LAND,True
2026-08-31 10:24:59,-35.3637118,149.1677112,-0.16,0.020351355895400047,89,0,LAND,True
2026-08-31 10:24:59,-35.3637118,149.1677112,-0.409,0.021097306162118912,89,0,LAND,True
2026-08-31 10:25:00,-35.3637118,149.1677112,-0.534,0.025736786425113678,89,0,LAND,True
2026-08-31 10:25:00,-35.3637118,149.1677112,-0.784,0.02786996401846409,89,0,LAND,True
2026-08-31 10:25:01,-35.3637118,149.1677112,-0.908,0.02673112042248249,89,0,LAND,True
2026-08-31 10:25:01,-35.3637118,149.1677112,-1.159,0.02504671737551689,89,0,LAND,True
2026-08-31 10:25:01,-35.3637118,149.1677112,-1.284,0.02252574823796749,89,0,LAND,True
2026-08-31 10:25:02,-35.3637118,149.1677112,-1.533,0.022281663492321968,89,0,LAND,True
2026-08-31 10:25:02,-35.3637118,149.1677112,-1.658,0.022878507152199745,89,0,LAND,True
2026-08-31 10:25:02,-35.3637118,149.1677112,-1.906,0.02263203077018261,89,0,LAND,True
2026-08-31 10:25:03,-35.3637118,149.1677112,-2.031,0.022150292992591858,89,0,LAND,True
2026-08-31 10:25:03,-35.3637118,149.1677112,-2.235,0.02304547280073166,89,0,LAND,True
2026-08-31 10:25:04,-35.3637118,149.1677112,-2.2,0.0273154154419899,89,0,LAND,True
2026-08-31 10:25:04,-35.3637118,149.1677112,-2.203,0.027248883619904518,89,0,LAND,True
2026-08-31 10:25:04,-35.3637118,149.1677112,-2.201,0.026980411261320114,89,0,LAND,True
2026-08-31 10:25:05,-35.3637118,149.1677112,-2.199,0.026755105704069138,89,0,LAND,True
2026-08-31 10:25:05,-35.3637118,149.1677112,-2.198,0.02630237489938736,89,0,LAND,True
2026-08-31 10:25:06,-35.3637118,149.1677112,-2.196,0.026245014742016792,89,0,LAND,True
2026-08-31 10:25:06,-35.3637118,149.1677112,-2.194,0.025643080472946167,89,0,LAND,True
2026-08-31 10:25:06,-35.3637118,149.1677112,-2.191,0.025618936866521835,89,0,LAND,True
2026-08-31 10:25:07,-35.3637118,149.1677112,-2.189,0.025012310594320297,89,0,LAND,True
2026-08-31 10:25:07,-35.3637118,149.1677112,-2.187,0.024650484323501587,89,0,LAND,True
2026-08-31 10:25:07,-35.3637118,149.1677112,-2.186,0.02403406612575054,89,0,LAND,True
2026-08-31 10:25:08,-35.3637118,149.1677112,-2.184,0.023571401834487915,89,0,LAND,False
2026-08-31 10:25:08,-35.3637118,149.1677112,-2.184,0.022343184798955917,89,0,LAND,False
2026-08-31 10:25:09,-35.3637118,149.1677112,-2.183,0.021595697849988937,89,0,LAND,False
2026-08-31 10:25:09,-35.3637118,149.1677112,-2.183,0.021135415881872177,89,0,LAND,False
2026-08-31 10:25:09,-35.3637118,149.1677112,-2.182,0.02092009223997593,89,0,LAND,False
2026-08-31 10:25:10,-35.3637118,149.1677112,-2.182,0.02027813158929348,89,0,LAND,False
2026-08-31 10:25:10,-35.3637118,149.1677112,-2.182,0.020230023190379143,89,0,LAND,False
2026-08-31 10:25:11,-35.3637118,149.1677112,-2.182,0.02041429840028286,89,0,LAND,False
2026-08-31 10:25:11,-35.3637118,149.1677112,-2.181,0.020400553941726685,89,0,LAND,False
2026-08-31 10:25:11,-35.3637118,149.1677112,-2.181,0.021282104775309563,89,0,LAND,False
2026-08-31 10:25:12,-35.3637118,149.1677112,-2.181,0.021440157666802406,89,0,LAND,False
2026-08-31 10:25:12,-35.3637118,149.1677112,-2.181,0.022167114540934563,89,0,LAND,False
2026-08-31 10:25:12,-35.3637118,149.1677112,-2.181,0.022552235051989555,89,0,LAND,False
2026-08-31 10:25:13,-35.3637118,149.1677112,-2.181,0.022936761379241943,89,0,LAND,False
2026-08-31 10:25:13,-35.3637118,149.1677112,-2.181,0.023367121815681458,89,0,LAND,False
2026-08-31 10:25:14,-35.3637118,149.1677112,-2.181,0.023990076035261154,89,0,LAND,False
2026-08-31 10:25:14,-35.3637118,149.1677112,-2.181,0.024326693266630173,89,0,LAND,False
2026-08-31 10:25:14,-35.3637118,149.1677112,-2.181,0.02520773373544216,89,0,LAND,False
2026-08-31 10:25:15,-35.3637118,149.1677112,-2.182,0.02481202408671379,89,0,LAND,False
2026-08-31 10:25:15,-35.3637118,149.1677112,-2.182,0.025133905932307243,89,0,LAND,False
2026-08-31 10:25:16,-35.3637118,149.1677112,-2.182,0.025359399616718292,89,0,LAND,False
2026-08-31 10:25:16,-35.3637118,149.1677112,-2.182,0.025173265486955643,89,0,LAND,False
2026-08-31 10:25:16,-35.3637118,149.1677112,-2.182,0.025334877893328667,89,0,LAND,False
2026-08-31 10:25:17,-35.3637118,149.1677112,-2.182,0.025187648832798004,89,0,LAND,False
2026-08-31 10:25:17,-35.3637118,149.1677112,-2.182,0.02510479837656021,89,0,LAND,False
2026-08-31 10:25:17,-35.3637118,149.1677112,-2.182,0.025307297706604004,89,0,LAND,False
2026-08-31 10:25:18,-35.3637118,149.1677112,-2.182,0.025098325684666634,89,0,LAND,False
2026-08-31 10:25:18,-35.3637118,149.1677112,-2.182,0.02523265779018402,89,0,LAND,False
2026-08-31 10:25:18,-35.3637118,149.1677112,-2.182,0.025422165170311928,89,0,LAND,False
2026-08-31 10:25:19,-35.3637118,149.1677112,-2.183,0.02515815570950508,89,0,LAND,False
2026-08-31 10:25:19,-35.3637118,149.1677112,-2.183,0.025162504985928535,89,0,LAND,False
2026-08-31 10:25:20,-35.3637118,149.1677112,-2.183,0.02512318082153797,89,0,LAND,False
2026-08-31 10:25:20,-35.3637118,149.1677112,-2.183,0.02498139999806881,89,0,LAND,False
2026-08-31 10:25:20,-35.3637118,149.1677112,-2.183,0.024976639077067375,89,0,LAND,False
2026-08-31 10:25:21,-35.3637118,149.1677112,-2.183,0.024735864251852036,89,0,LAND,False
2026-08-31 10:25:21,-35.3637118,149.1677112,-2.183,0.024662911891937256,89,0,LAND,False
2026-08-31 10:25:22,-35.3637118,149.1677112,-2.183,0.024669548496603966,89,0,LAND,False
2026-08-31 10:25:22,-35.3637118,149.1677112,-2.183,0.024428294971585274,89,0,LAND,False
2026-08-31 10:25:22,-35.3637118,149.1677112,-2.183,0.024668315425515175,89,0,LAND,False
2026-08-31 10:25:23,-35.3637118,149.1677112,-2.183,0.02469375543296337,89,0,LAND,False
2026-08-31 10:25:23,-35.3637118,149.1677112,-2.183,0.0246735829859972,89,0,LAND,False
2026-08-31 10:25:23,-35.3637118,149.1677112,-2.183,0.024803023785352707,89,0,LAND,False
2026-08-31 10:25:24,-35.3637118,149.1677112,-2.183,0.024398526176810265,89,0,LAND,False
2026-08-31 10:25:24,-35.3637118,149.1677112,-2.183,0.024317773059010506,89,0,LAND,False
2026-08-31 10:25:25,-35.3637118,149.1677112,-2.183,0.024553220719099045,89,0,LAND,False
2026-08-31 10:25:25,-35.3637118,149.1677112,-2.183,0.02420397661626339,89,0,LAND,False
2026-08-31 10:25:25,-35.3637118,149.1677112,-2.183,0.024288343265652657,89,0,LAND,False
2026-08-31 10:25:26,-35.3637118,149.1677112,-2.183,0.02417704463005066,89,0,LAND,False
2026-08-31 10:25:26,-35.3637118,149.1677112,-2.183,0.02400270663201809,89,0,LAND,False
2026-08-31 10:25:26,-35.3637118,149.1677112,-2.183,0.024055955931544304,89,0,LAND,False
2026-08-31 10:25:27,-35.3637118,149.1677112,-2.183,0.02389674261212349,89,0,LAND,False
2026-08-31 10:25:27,-35.3637118,149.1677112,-2.183,0.02408774010837078,89,0,LAND,False
2026-08-31 10:25:28,-35.3637118,149.1677112,-2.183,0.024251356720924377,89,0,LAND,False
2026-08-31 10:25:28,-35.3637118,149.1677112,-2.183,0.023924637585878372,89,0,LAND,False
2026-08-31 10:25:28,-35.3637118,149.1677112,-2.183,0.02409619837999344,89,0,LAND,False
2026-08-31 10:25:29,-35.3637118,149.1677112,-2.183,0.024073468521237373,89,0,LAND,False
2026-08-31 10:25:29,-35.3637118,149.1677112,-2.183,0.02403026446700096,89,0,LAND,False
2026-08-31 10:25:29,-35.3637118,149.1677112,-2.183,0.024266067892313004,89,0,LAND,False
2026-08-31 10:25:30,-35.3637118,149.1677112,-2.183,0.024002766236662865,89,0,LAND,False
2026-08-31 10:25:30,-35.3637118,149.1677112,-2.183,0.023939549922943115,89,0,LAND,False
2026-08-31 10:25:31,-35.3637118,149.1677112,-2.183,0.02400820702314377,89,0,LAND,False
2026-08-31 10:25:31,-35.3637118,149.1677112,-2.183,0.02410334348678589,89,0,LAND,False
2026-08-31 10:25:31,-35.3637118,149.1677112,-2.183,0.024201184511184692,89,0,LAND,False
2026-08-31 10:25:32,-35.3637118,149.1677112,-2.183,0.02408074587583542,89,0,LAND,False
2026-08-31 10:25:32,-35.3637118,149.1677112,-2.183,0.023990394547581673,89,0,LAND,False
2026-08-31 10:25:32,-35.3637118,149.1677112,-2.183,0.023990394547581673,89,0,LAND,False
2026-08-31 10:25:33,-35.3637118,149.1677112,-2.183,0.024237990379333496,89,0,LAND,False
2026-08-31 10:25:33,-35.3637118,149.1677112,-2.183,0.024030182510614395,89,0,LAND,False
2026-08-31 10:25:34,-35.3637118,149.1677112,-2.183,0.02418111078441143,89,0,LAND,False
2026-08-31 10:25:34,-35.3637118,149.1677112,-2.183,0.024024207144975662,89,0,LAND,False
2026-08-31 10:25:34,-35.3637118,149.1677112,-2.183,0.02406923845410347,89,0,LAND,False
2026-08-31 10:25:34,-35.3637118,149.1677112,-2.183,0.024125952273607254,89,0,LAND,False
2026-08-31 10:25:35,-35.3637118,149.1677112,-2.183,0.02409319207072258,89,0,LAND,False
2026-08-31 10:25:35,-35.3637118,149.1677112,-2.183,0.024150285869836807,89,0,LAND,False
2026-08-31 10:25:36,-35.3637118,149.1677112,-2.183,0.023821376264095306,89,0,LAND,False
2026-08-31 10:25:36,-35.3637118,149.1677112,-2.183,0.023772424086928368,89,0,LAND,False
2026-08-31 10:25:36,-35.3637118,149.1677112,-2.183,0.02396143414080143,89,0,LAND,False
2026-08-31 10:25:37,-35.3637118,149.1677112,-2.183,0.023754186928272247,89,0,LAND,False
2026-08-31 10:25:37,-35.3637118,149.1677112,-2.183,0.02399493008852005,89,0,LAND,False
2026-08-31 10:25:38,-35.3637118,149.1677112,-2.183,0.024119460955262184,89,0,LAND,False
2026-08-31 10:25:38,-35.3637118,149.1677112,-2.183,0.02395683526992798,89,0,LAND,False
2026-08-31 10:25:38,-35.3637118,149.1677112,-2.183,0.02404249645769596,89,0,LAND,False
2026-08-31 10:25:39,-35.3637118,149.1677112,-2.183,0.023876279592514038,89,0,LAND,False
2026-08-31 10:25:39,-35.3637118,149.1677112,-2.183,0.02408507466316223,89,0,LAND,False
2026-08-31 10:25:39,-35.3637118,149.1677112,-2.183,0.024507854133844376,89,0,LAND,False
2026-08-31 10:25:40,-35.3637118,149.1677112,-2.184,0.02424883283674717,89,0,LAND,False
2026-08-31 10:25:40,-35.3637118,149.1677112,-2.184,0.02434202842414379,89,0,LAND,False
2026-08-31 10:25:41,-35.3637118,149.1677112,-2.184,0.024528369307518005,89,0,LAND,False
2026-08-31 10:25:41,-35.3637118,149.1677112,-2.184,0.02401614375412464,89,0,LAND,False
2026-08-31 10:25:41,-35.3637118,149.1677112,-2.184,0.02404007501900196,89,0,LAND,False
2026-08-31 10:25:42,-35.3637118,149.1677112,-2.184,0.023811450228095055,89,0,LAND,False
2026-08-31 10:25:42,-35.3637118,149.1677112,-2.184,0.023720702156424522,89,0,LAND,False
2026-08-31 10:25:43,-35.3637118,149.1677112,-2.184,0.02381669171154499,89,0,LAND,False
2026-08-31 10:25:43,-35.3637118,149.1677112,-2.184,0.023623894900083542,89,0,LAND,False
2026-08-31 10:25:43,-35.3637118,149.1677112,-2.184,0.023666659370064735,89,0,LAND,False
2026-08-31 10:25:44,-35.3637118,149.1677112,-2.184,0.023624589666724205,89,0,LAND,False
2026-08-31 10:25:44,-35.3637118,149.1677112,-2.184,0.02350623346865177,89,0,LAND,False
2026-08-31 10:25:44,-35.3637118,149.1677112,-2.184,0.023670978844165802,89,0,LAND,False
2026-08-31 10:25:45,-35.3637118,149.1677112,-2.184,0.02375825308263302,89,0,LAND,False
2026-08-31 10:25:45,-35.3637118,149.1677112,-2.184,0.023730862885713577,89,0,LAND,False
2026-08-31 10:25:46,-35.3637118,149.1677112,-2.184,0.024022813886404037,89,0,LAND,False
2026-08-31 10:25:46,-35.3637118,149.1677112,-2.184,0.02383970282971859,89,0,LAND,False
2026-08-31 10:25:46,-35.3637118,149.1677112,-2.184,0.02409481443464756,89,0,LAND,False
2026-08-31 10:25:47,-35.3637118,149.1677112,-2.184,0.02391859143972397,89,0,LAND,False
2026-08-31 10:25:47,-35.3637118,149.1677112,-2.184,0.023737097159028053,89,0,LAND,False
2026-08-31 10:25:47,-35.3637118,149.1677112,-2.184,0.023842306807637215,89,0,LAND,False
2026-08-31 10:25:48,-35.3637118,149.1677112,-2.184,0.023703917860984802,89,0,LAND,False
2026-08-31 10:25:48,-35.3637118,149.1677112,-2.184,0.023853395134210587,89,0,LAND,False
2026-08-31 10:25:49,-35.3637118,149.1677112,-2.184,0.02379659377038479,89,0,LAND,False
2026-08-31 10:25:49,-35.3637118,149.1677112,-2.184,0.02374558337032795,89,0,LAND,False
2026-08-31 10:25:50,-35.3637118,149.1677112,-2.184,0.024231310933828354,89,0,LAND,False
2026-08-31 10:25:50,-35.3637118,149.1677112,-2.184,0.02397928573191166,89,0,LAND,False
2026-08-31 10:25:50,-35.3637118,149.1677112,-2.184,0.023898698389530182,89,0,LAND,False
2026-08-31 10:25:51,-35.3637118,149.1677112,-2.184,0.023987114429473877,89,0,LAND,False
2026-08-31 10:25:51,-35.3637118,149.1677112,-2.184,0.023585794493556023,89,0,LAND,False
2026-08-31 10:25:51,-35.3637118,149.1677112,-2.184,0.02362450584769249,89,0,LAND,False
2026-08-31 10:25:52,-35.3637118,149.1677112,-2.184,0.02341408096253872,89,0,LAND,False
2026-08-31 10:25:52,-35.3637118,149.1677112,-2.184,0.02343015745282173,89,0,LAND,False
2026-08-31 10:25:53,-35.3637118,149.1677112,-2.184,0.02370191179215908,89,0,LAND,False
2026-08-31 10:25:53,-35.3637118,149.1677112,-2.184,0.023468518629670143,89,0,LAND,False
2026-08-31 10:25:53,-35.3637118,149.1677112,-2.184,0.023607740178704262,89,0,LAND,False
2026-08-31 10:25:54,-35.3637118,149.1677112,-2.184,0.023696746677160263,89,0,LAND,False
2026-08-31 10:25:54,-35.3637118,149.1677112,-2.184,0.02369706705212593,89,0,LAND,False
2026-08-31 10:25:55,-35.3637118,149.1677112,-2.184,0.023752449080348015,89,0,LAND,False
2026-08-31 10:25:55,-35.3637118,149.1677112,-2.184,0.02360755018889904,89,0,LAND,False
2026-08-31 10:25:55,-35.3637118,149.1677112,-2.184,0.023779429495334625,89,0,LAND,False
2026-08-31 10:25:56,-35.3637118,149.1677112,-2.184,0.02392793633043766,89,0,LAND,False
2026-08-31 10:25:56,-35.3637118,149.1677112,-2.184,0.023920364677906036,89,0,LAND,False
2026-08-31 10:25:56,-35.3637118,149.1677112,-2.184,0.02387959323823452,89,0,LAND,False
2026-08-31 10:25:57,-35.3637118,149.1677112,-2.184,0.0236822422593832,89,0,LAND,False
2026-08-31 10:25:57,-35.3637118,149.1677112,-2.184,0.023606596514582634,89,0,LAND,False
2026-08-31 10:25:58,-35.3637118,149.1677112,-2.184,0.023759163916110992,89,0,LAND,False
2026-08-31 10:25:58,-35.3637118,149.1677112,-2.184,0.023560786619782448,89,0,LAND,False
2026-08-31 10:25:58,-35.3637118,149.1677112,-2.184,0.023797808215022087,89,0,LAND,False
2026-08-31 10:25:59,-35.3637118,149.1677112,-2.184,0.023719504475593567,89,0,LAND,False
2026-08-31 10:25:59,-35.3637118,149.1677112,-2.184,0.02373431995511055,89,0,LAND,False
2026-08-31 10:26:00,-35.3637118,149.1677112,-2.184,0.024009427055716515,89,0,LAND,False
2026-08-31 10:26:00,-35.3637118,149.1677112,-2.184,0.024072276428341866,89,0,LAND,False
2026-08-31 10:26:01,-35.3637118,149.1677112,-2.184,0.024322420358657837,89,0,LAND,False
2026-08-31 10:26:01,-35.3637118,149.1677112,-2.184,0.024137409403920174,89,0,LAND,False
2026-08-31 10:26:01,-35.3637118,149.1677112,-2.184,0.02407853491604328,89,0,LAND,False
2026-08-31 10:26:02,-35.3637118,149.1677112,-2.184,0.024259211495518684,89,0,LAND,False
2026-08-31 10:26:02,-35.3637118,149.1677112,-2.184,0.023819323629140854,89,0,LAND,False
2026-08-31 10:26:02,-35.3637118,149.1677112,-2.184,0.023917734622955322,89,0,LAND,False
2026-08-31 10:26:03,-35.3637118,149.1677112,-2.184,0.02374534122645855,89,0,LAND,False
2026-08-31 10:26:03,-35.3637118,149.1677112,-2.184,0.02371743693947792,89,0,LAND,False
2026-08-31 10:26:03,-35.3637118,149.1677112,-2.184,0.023880621418356895,89,0,LAND,False
2026-08-31 10:26:04,-35.3637118,149.1677112,-2.184,0.023662908002734184,89,0,LAND,False
2026-08-31 10:26:04,-35.3637118,149.1677112,-2.184,0.02372605726122856,89,0,LAND,False
2026-08-31 10:26:05,-35.3637118,149.1677112,-2.184,0.023905940353870392,89,0,LAND,False
2026-08-31 10:26:05,-35.3637118,149.1677112,-2.184,0.02388204075396061,89,0,LAND,False
2026-08-31 10:26:05,-35.3637118,149.1677112,-2.184,0.02406528778374195,89,0,LAND,False
2026-08-31 10:26:06,-35.3637118,149.1677112,-2.184,0.024039234966039658,89,0,LAND,False
2026-08-31 10:26:06,-35.3637118,149.1677112,-2.184,0.02396327815949917,89,0,LAND,False
2026-08-31 10:26:06,-35.3637118,149.1677112,-2.184,0.024188755080103874,89,0,LAND,False
2026-08-31 10:26:07,-35.3637118,149.1677112,-2.184,0.024020113050937653,89,0,LAND,False
2026-08-31 10:26:07,-35.3637118,149.1677112,-2.184,0.024064594879746437,89,0,LAND,False
2026-08-31 10:26:08,-35.3637118,149.1677112,-2.184,0.024312207475304604,89,0,LAND,False
2026-08-31 10:26:08,-35.3637118,149.1677112,-2.184,0.02383986860513687,89,0,LAND,False
2026-08-31 10:26:09,-35.3637118,149.1677112,-2.184,0.02402547374367714,89,0,LAND,False
2026-08-31 10:26:09,-35.3637118,149.1677112,-2.184,0.02391038089990616,89,0,LAND,False
2026-08-31 10:26:09,-35.3637118,149.1677112,-2.184,0.023816538974642754,89,0,LAND,False
2026-08-31 10:26:10,-35.3637118,149.1677112,-2.184,0.02398141659796238,89,0,LAND,False
2026-08-31 10:26:11,-35.3637118,149.1677112,-2.184,0.023732662200927734,89,0,LAND,False
2026-08-31 10:26:11,-35.3637118,149.1677112,-2.184,0.02414083108305931,89,0,LAND,False
2026-08-31 10:26:11,-35.3637118,149.1677112,-2.184,0.023821858689188957,89,0,LAND,False
2026-08-31 10:26:12,-35.3637118,149.1677112,-2.184,0.023676764219999313,89,0,LAND,False
2026-08-31 10:26:12,-35.3637118,149.1677112,-2.183,0.02385919727385044,89,0,LAND,False
2026-08-31 10:26:12,-35.3637118,149.1677112,-2.183,0.023436514660716057,89,0,LAND,False
2026-08-31 10:26:13,-35.3637118,149.1677112,-2.183,0.02336726151406765,89,0,LAND,False
2026-08-31 10:26:13,-35.3637118,149.1677112,-2.183,0.023187164217233658,89,0,LAND,False
2026-08-31 10:26:14,-35.3637118,149.1677112,-2.183,0.0232927855104208,89,0,LAND,False
2026-08-31 10:26:14,-35.3637118,149.1677112,-2.183,0.023141033947467804,89,0,LAND,False
2026-08-31 10:26:15,-35.3637118,149.1677112,-2.183,0.02340717427432537,89,0,LAND,False
2026-08-31 10:26:15,-35.3637118,149.1677112,-2.183,0.023298554122447968,89,0,LAND,False
2026-08-31 10:26:15,-35.3637118,149.1677112,-2.183,0.023298554122447968,89,0,LAND,False
2026-08-31 10:26:16,-35.3637118,149.1677112,-2.183,0.023482974618673325,89,0,LAND,False
2026-08-31 10:26:16,-35.3637118,149.1677112,-2.183,0.023328304290771484,89,0,LAND,False
2026-08-31 10:26:16,-35.3637118,149.1677112,-2.183,0.023478785529732704,89,0,LAND,False
2026-08-31 10:26:17,-35.3637118,149.1677112,-2.183,0.023760328069329262,89,0,LAND,False
2026-08-31 10:26:17,-35.3637118,149.1677112,-2.183,0.023375706747174263,89,0,LAND,False
2026-08-31 10:26:17,-35.3637118,149.1677112,-2.183,0.02318807877600193,89,0,LAND,False
2026-08-31 10:26:18,-35.3637118,149.1677112,-2.183,0.022716563194990158,89,0,LAND,False
2026-08-31 10:26:18,-35.3637118,149.1677112,-2.183,0.022530682384967804,89,0,LAND,False
2026-08-31 10:26:19,-35.3637118,149.1677112,-2.183,0.022153597325086594,89,0,LAND,False
2026-08-31 10:26:19,-35.3637118,149.1677112,-2.183,0.021656878292560577,89,0,LAND,False
2026-08-31 10:26:19,-35.3637118,149.1677112,-2.183,0.021141378208994865,89,0,LAND,False
2026-08-31 10:26:20,-35.3637118,149.1677112,-2.183,0.020762650296092033,89,0,LAND,False
2026-08-31 10:26:20,-35.3637118,149.1677112,-2.183,0.019657181575894356,89,0,LAND,False
2026-08-31 10:26:21,-35.3637118,149.1677112,-2.183,0.01926114596426487,89,0,LAND,False
2026-08-31 10:26:21,-35.3637118,149.1677112,-2.183,0.018393194302916527,89,0,LAND,False
2026-08-31 10:26:21,-35.3637118,149.1677112,-2.183,0.017813311889767647,89,0,LAND,False
2026-08-31 10:26:22,-35.3637118,149.1677112,-2.183,0.016865843906998634,89,0,LAND,False
2026-08-31 10:26:22,-35.3637118,149.1677112,-2.183,0.016088074073195457,89,0,LAND,False
2026-08-31 10:26:22,-35.3637118,149.1677112,-2.183,0.014895926229655743,89,0,LAND,False
2026-08-31 10:26:23,-35.3637118,149.1677112,-2.183,0.014450241811573505,89,0,LAND,False
2026-08-31 10:26:23,-35.3637118,149.1677112,-2.183,0.013064301572740078,89,0,LAND,False
2026-08-31 10:26:24,-35.3637118,149.1677112,-2.183,0.012560117058455944,89,0,LAND,False
2026-08-31 10:26:24,-35.3637118,149.1677112,-2.183,0.01128591038286686,89,0,LAND,False
2026-08-31 10:26:24,-35.3637118,149.1677112,-2.183,0.010810339823365211,89,0,LAND,False
2026-08-31 10:26:25,-35.3637118,149.1677112,-2.183,0.00973579753190279,89,0,LAND,False
2026-08-31 10:26:25,-35.3637118,149.1677112,-2.183,0.009060616604983807,89,0,LAND,False
2026-08-31 10:26:25,-35.3637118,149.1677112,-2.183,0.007960350252687931,89,0,LAND,False
2026-08-31 10:26:26,-35.3637118,149.1677112,-2.183,0.007432742044329643,89,0,LAND,False
2026-08-31 10:26:26,-35.3637118,149.1677112,-2.183,0.0062205302529037,89,0,LAND,False
2026-08-31 10:26:27,-35.3637118,149.1677112,-2.183,0.005719704553484917,89,0,LAND,False
2026-08-31 10:26:27,-35.3637118,149.1677112,-2.183,0.004642904736101627,89,0,LAND,False
2026-08-31 10:26:27,-35.3637118,149.1677112,-2.183,0.004193784669041634,89,0,LAND,False
2026-08-31 10:26:28,-35.3637118,149.1677112,-2.183,0.0031755806412547827,89,0,LAND,False
2026-08-31 10:26:28,-35.3637118,149.1677112,-2.183,0.002653848845511675,89,0,LAND,False
2026-08-31 10:26:29,-35.3637118,149.1677112,-2.183,0.0014027291908860207,89,0,LAND,False
2026-08-31 10:26:29,-35.3637118,149.1677112,-2.183,0.001005953294225037,89,0,LAND,False
2026-08-31 10:26:29,-35.3637118,149.1677112,-2.183,0.0006935045821592212,89,0,LAND,False
2026-08-31 10:26:30,-35.3637118,149.1677112,-2.183,0.0002494638320058584,89,0,LAND,False
2026-08-31 10:26:30,-35.3637118,149.1677112,-2.184,0.0006190271815285087,89,0,LAND,False
2026-08-31 10:26:30,-35.3637118,149.1677112,-2.184,0.0009628678089939058,89,0,LAND,False
2026-08-31 10:26:31,-35.3637118,149.1677112,-2.184,0.001305904588662088,89,0,LAND,False
2026-08-31 10:26:31,-35.3637119,149.1677111,-2.184,0.0017099212855100632,89,0,LAND,False
2026-08-31 10:26:32,-35.3637119,149.1677111,-2.184,0.002891416661441326,89,0,LAND,False
2026-08-31 10:26:32,-35.3637119,149.1677111,-2.184,0.003280890639871359,89,0,LAND,False
2026-08-31 10:26:32,-35.3637119,149.1677111,-2.184,0.004009561147540808,89,0,LAND,False
2026-08-31 10:26:33,-35.3637119,149.1677111,-2.184,0.004326839931309223,89,0,LAND,False
2026-08-31 10:26:33,-35.3637119,149.1677111,-2.184,0.004867343697696924,89,0,LAND,False
2026-08-31 10:26:34,-35.3637119,149.1677111,-2.184,0.005190575961023569,89,0,LAND,False
2026-08-31 10:26:34,-35.3637119,149.1677111,-2.184,0.005773167125880718,89,0,LAND,False
2026-08-31 10:26:34,-35.3637119,149.1677111,-2.184,0.006157880183309317,89,0,LAND,False
2026-08-31 10:26:35,-35.3637119,149.1677111,-2.184,0.006885282229632139,89,0,LAND,False
2026-08-31 10:26:35,-35.3637119,149.1677111,-2.184,0.007202122360467911,89,0,LAND,False
2026-08-31 10:26:35,-35.3637119,149.1677111,-2.184,0.00779105257242918,89,0,LAND,False
2026-08-31 10:26:36,-35.3637119,149.1677111,-2.184,0.008122876286506653,89,0,LAND,False
2026-08-31 10:26:36,-35.3637119,149.1677111,-2.184,0.008641985245049,89,0,LAND,False
2026-08-31 10:26:37,-35.3637119,149.1677111,-2.184,0.008950754068791866,89,0,LAND,False
2026-08-31 10:26:37,-35.3637119,149.1677111,-2.184,0.009541518986225128,89,0,LAND,False
2026-08-31 10:26:37,-35.3637119,149.1677111,-2.184,0.00976916030049324,89,0,LAND,False
2026-08-31 10:26:38,-35.3637119,149.1677111,-2.184,0.010549567639827728,89,0,LAND,False
2026-08-31 10:26:38,-35.3637119,149.1677111,-2.184,0.010676959529519081,89,0,LAND,False
2026-08-31 10:26:38,-35.3637119,149.1677111,-2.184,0.011046207509934902,89,0,LAND,False
2026-08-31 10:26:39,-35.3637119,149.1677111,-2.184,0.011338540352880955,89,0,LAND,False
2026-08-31 10:26:39,-35.3637119,149.1677111,-2.184,0.011712538078427315,89,0,LAND,False
2026-08-31 10:26:40,-35.3637119,149.1677111,-2.184,0.011989012360572815,89,0,LAND,False
2026-08-31 10:26:40,-35.3637119,149.1677111,-2.184,0.012297108769416809,89,0,LAND,False
2026-08-31 10:26:40,-35.3637119,149.1677111,-2.184,0.012425977736711502,89,0,LAND,False
2026-08-31 10:26:41,-35.3637119,149.1677111,-2.184,0.012899553403258324,89,0,LAND,False
2026-08-31 10:26:41,-35.3637119,149.1677111,-2.184,0.013010346330702305,89,0,LAND,False
2026-08-31 10:26:41,-35.3637119,149.1677111,-2.184,0.013407688587903976,89,0,LAND,False
2026-08-31 10:26:42,-35.3637119,149.1677111,-2.184,0.013769187033176422,89,0,LAND,False
2026-08-31 10:26:42,-35.3637119,149.1677111,-2.184,0.01400469895452261,89,0,LAND,False
2026-08-31 10:26:43,-35.3637119,149.1677111,-2.184,0.01424866821616888,89,0,LAND,False
2026-08-31 10:26:43,-35.3637119,149.1677111,-2.184,0.014474635012447834,89,0,LAND,False
2026-08-31 10:26:43,-35.3637119,149.1677111,-2.184,0.014600357040762901,89,0,LAND,False
2026-08-31 10:26:44,-35.3637119,149.1677111,-2.184,0.014885352924466133,89,0,LAND,False
2026-08-31 10:26:44,-35.3637119,149.1677111,-2.184,0.01495873648673296,89,0,LAND,False
2026-08-31 10:26:45,-35.3637119,149.1677111,-2.184,0.015570233575999737,89,0,LAND,False
2026-08-31 10:26:45,-35.3637119,149.1677111,-2.184,0.0154829490929842,89,0,LAND,False
2026-08-31 10:26:45,-35.3637119,149.1677111,-2.184,0.01564149558544159,89,0,LAND,False
2026-08-31 10:26:46,-35.3637119,149.1677111,-2.184,0.015856342390179634,89,0,LAND,False
2026-08-31 10:26:46,-35.3637119,149.1677111,-2.184,0.01602756418287754,89,0,LAND,False
2026-08-31 10:26:46,-35.3637119,149.167711,-2.183,0.01617085561156273,89,0,LAND,False
2026-08-31 10:26:47,-35.3637119,149.167711,-2.183,0.016418367624282837,89,0,LAND,False
2026-08-31 10:26:47,-35.3637119,149.167711,-2.183,0.01648344285786152,89,0,LAND,False
2026-08-31 10:26:48,-35.3637119,149.167711,-2.183,0.016888713464140892,89,0,LAND,False
2026-08-31 10:26:48,-35.3637119,149.167711,-2.183,0.01678723655641079,89,0,LAND,False
2026-08-31 10:26:48,-35.3637119,149.167711,-2.183,0.01708366535604,89,0,LAND,False
2026-08-31 10:26:49,-35.3637119,149.167711,-2.183,0.0173360463231802,89,0,LAND,False
2026-08-31 10:26:49,-35.3637119,149.167711,-2.183,0.017392147332429886,89,0,LAND,False
2026-08-31 10:26:50,-35.3637119,149.167711,-2.183,0.01761443167924881,89,0,LAND,False
2026-08-31 10:26:50,-35.3637119,149.167711,-2.183,0.017681464552879333,90,0,LAND,False
2026-08-31 10:26:50,-35.3637119,149.167711,-2.183,0.017782004550099373,90,0,LAND,False
2026-08-31 10:26:51,-35.3637119,149.167711,-2.183,0.018105216324329376,90,0,LAND,False
2026-08-31 10:26:51,-35.3637119,149.167711,-2.183,0.018024321645498276,90,0,LAND,False
2026-08-31 10:26:52,-35.3637119,149.167711,-2.183,0.01833454519510269,90,0,LAND,False
2026-08-31 10:26:52,-35.3637119,149.167711,-2.184,0.018589554354548454,90,0,LAND,False
2026-08-31 10:26:52,-35.3637119,149.167711,-2.184,0.01868510991334915,90,0,LAND,False
2026-08-31 10:26:53,-35.3637119,149.167711,-2.184,0.01882040873169899,90,0,LAND,False
2026-08-31 10:26:53,-35.3637119,149.167711,-2.184,0.018906615674495697,90,0,LAND,False
2026-08-31 10:26:54,-35.3637119,149.167711,-2.184,0.0190092995762825,90,0,LAND,False
2026-08-31 10:26:54,-35.3637119,149.167711,-2.184,0.019172431901097298,90,0,LAND,False
2026-08-31 10:26:54,-35.3637119,149.167711,-2.184,0.019031891599297523,90,0,LAND,False
2026-08-31 10:26:55,-35.3637119,149.167711,-2.184,0.019454099237918854,90,0,LAND,False
2026-08-31 10:26:55,-35.3637119,149.167711,-2.184,0.019368750974535942,90,0,LAND,False
2026-08-31 10:26:55,-35.3637119,149.167711,-2.184,0.01964021474123001,90,0,LAND,False
2026-08-31 10:26:56,-35.3637119,149.167711,-2.184,0.019751787185668945,90,0,LAND,False
2026-08-31 10:26:56,-35.363712,149.167711,-2.184,0.019795909523963928,90,0,LAND,False
2026-08-31 10:26:56,-35.3637119,149.167711,-2.184,0.019975729286670685,90,0,LAND,False
2026-08-31 10:26:57,-35.3637119,149.167711,-2.184,0.019838260486721992,90,0,LAND,False
2026-08-31 10:26:57,-35.363712,149.167711,-2.184,0.019843516871333122,90,0,LAND,False
2026-08-31 10:26:58,-35.363712,149.167711,-2.184,0.020178653299808502,90,0,LAND,False
2026-08-31 10:26:58,-35.363712,149.167711,-2.184,0.02006080374121666,90,0,LAND,False
2026-08-31 10:26:58,-35.363712,149.167711,-2.184,0.020300153642892838,90,0,LAND,False
2026-08-31 10:26:59,-35.363712,149.167711,-2.184,0.02054804004728794,90,0,LAND,False
2026-08-31 10:26:59,-35.363712,149.167711,-2.184,0.020247282460331917,90,0,LAND,False
2026-08-31 10:26:59,-35.363712,149.167711,-2.184,0.020480722188949585,90,0,LAND,False
2026-08-31 10:27:00,-35.363712,149.167711,-2.184,0.020436689257621765,90,0,LAND,False
2026-08-31 10:27:00,-35.363712,149.167711,-2.184,0.020574700087308884,90,0,LAND,False
2026-08-31 10:27:01,-35.363712,149.167711,-2.184,0.020813746377825737,90,0,LAND,False
2026-08-31 10:27:01,-35.363712,149.167711,-2.184,0.020670533180236816,90,0,LAND,False
2026-08-31 10:27:01,-35.363712,149.167711,-2.184,0.02084861695766449,90,0,LAND,False
2026-08-31 10:27:02,-35.363712,149.167711,-2.184,0.021018628031015396,90,0,LAND,False
2026-08-31 10:27:02,-35.363712,149.167711,-2.184,0.020991943776607513,90,0,LAND,False
2026-08-31 10:27:03,-35.363712,149.167711,-2.184,0.02119450829923153,90,0,LAND,False
2026-08-31 10:27:03,-35.363712,149.167711,-2.184,0.021290762349963188,90,0,LAND,False
2026-08-31 10:27:03,-35.363712,149.167711,-2.184,0.02125328779220581,90,0,LAND,False
2026-08-31 10:27:04,-35.363712,149.167711,-2.184,0.02151663973927498,90,0,LAND,False
2026-08-31 10:27:04,-35.363712,149.167711,-2.184,0.021337654441595078,90,0,LAND,False
2026-08-31 10:27:04,-35.363712,149.167711,-2.184,0.02147478051483631,90,0,LAND,False
2026-08-31 10:27:05,-35.363712,149.167711,-2.184,0.021609462797641754,90,0,LAND,False
2026-08-31 10:27:05,-35.363712,149.167711,-2.184,0.021668342873454094,90,0,LAND,False
2026-08-31 10:27:06,-35.363712,149.167711,-2.184,0.02185048907995224,90,0,LAND,False
2026-08-31 10:27:06,-35.363712,149.167711,-2.184,0.021919168531894684,90,0,LAND,False
2026-08-31 10:27:06,-35.363712,149.167711,-2.183,0.021930031478405,90,0,LAND,False
2026-08-31 10:27:07,-35.363712,149.167711,-2.183,0.0221863966435194,90,0,LAND,False
2026-08-31 10:27:07,-35.363712,149.167711,-2.183,0.022118475288152695,90,0,LAND,False
2026-08-31 10:27:08,-35.363712,149.167711,-2.183,0.022509785369038582,90,0,LAND,False
2026-08-31 10:27:08,-35.363712,149.167711,-2.183,0.02276652492582798,90,0,LAND,False
2026-08-31 10:27:08,-35.363712,149.167711,-2.183,0.02250758372247219,90,0,LAND,False
2026-08-31 10:27:09,-35.363712,149.167711,-2.183,0.022743165493011475,90,0,LAND,False
2026-08-31 10:27:09,-35.363712,149.167711,-2.183,0.022478438913822174,90,0,LAND,False
2026-08-31 10:27:10,-35.363712,149.167711,-2.183,0.022547008469700813,90,0,LAND,False
2026-08-31 10:27:10,-35.363712,149.167711,-2.183,0.022568752989172935,90,0,LAND,False
2026-08-31 10:27:10,-35.363712,149.167711,-2.184,0.022447574883699417,90,0,LAND,False
2026-08-31 10:27:11,-35.363712,149.167711,-2.184,0.022425035014748573,90,0,LAND,False
2026-08-31 10:27:11,-35.363712,149.167711,-2.184,0.02222234010696411,90,0,LAND,False
2026-08-31 10:27:11,-35.363712,149.167711,-2.184,0.02231050468981266,90,0,LAND,False
2026-08-31 10:27:12,-35.363712,149.167711,-2.184,0.022367561236023903,90,0,LAND,False
2026-08-31 10:27:12,-35.363712,149.167711,-2.184,0.02208378165960312,90,0,LAND,False
2026-08-31 10:27:13,-35.363712,149.167711,-2.184,0.022152874618768692,90,0,LAND,False
2026-08-31 10:27:13,-35.363712,149.167711,-2.184,0.022125452756881714,90,0,LAND,False
2026-08-31 10:27:13,-35.363712,149.167711,-2.184,0.022133758291602135,90,0,LAND,False
2026-08-31 10:27:14,-35.363712,149.167711,-2.183,0.022454291582107544,90,0,LAND,False
2026-08-31 10:27:14,-35.363712,149.167711,-2.183,0.02220446988940239,90,0,LAND,False
2026-08-31 10:27:14,-35.363712,149.167711,-2.183,0.022143729031085968,90,0,LAND,False
2026-08-31 10:27:15,-35.363712,149.167711,-2.183,0.022441575303673744,90,0,LAND,False
2026-08-31 10:27:15,-35.363712,149.167711,-2.183,0.02220533974468708,90,0,LAND,False
2026-08-31 10:27:16,-35.363712,149.167711,-2.183,0.0223208237439394,90,0,LAND,False
2026-08-31 10:27:16,-35.363712,149.167711,-2.183,0.022167202085256577,90,0,LAND,False
2026-08-31 10:27:16,-35.363712,149.167711,-2.183,0.02224753610789776,90,0,LAND,False
2026-08-31 10:27:17,-35.363712,149.167711,-2.183,0.022506095468997955,90,0,LAND,False
2026-08-31 10:27:17,-35.363712,149.167711,-2.183,0.0224258154630661,90,0,LAND,False
2026-08-31 10:27:18,-35.363712,149.167711,-2.183,0.02277573011815548,90,0,LAND,False
2026-08-31 10:27:18,-35.363712,149.167711,-2.183,0.022641731426119804,90,0,LAND,False
2026-08-31 10:27:18,-35.363712,149.167711,-2.183,0.02279767021536827,90,0,LAND,False
2026-08-31 10:27:19,-35.363712,149.167711,-2.183,0.02290496975183487,90,0,LAND,False
2026-08-31 10:27:19,-35.363712,149.167711,-2.183,0.02294881083071232,90,0,LAND,False
2026-08-31 10:27:19,-35.363712,149.167711,-2.183,0.02314423769712448,90,0,LAND,False
2026-08-31 10:27:20,-35.363712,149.167711,-2.183,0.022949697449803352,90,0,LAND,False
2026-08-31 10:27:20,-35.363712,149.167711,-2.183,0.02296581119298935,90,0,LAND,False
2026-08-31 10:27:21,-35.363712,149.167711,-2.183,0.023094069212675095,90,0,LAND,False
2026-08-31 10:27:21,-35.363712,149.167711,-2.183,0.022875884547829628,90,0,LAND,False
2026-08-31 10:27:21,-35.363712,149.167711,-2.183,0.02289222925901413,90,0,LAND,False
2026-08-31 10:27:22,-35.363712,149.167711,-2.184,0.023019853979349136,90,0,LAND,False
2026-08-31 10:27:22,-35.363712,149.167711,-2.184,0.022948311641812325,90,0,LAND,False
2026-08-31 10:27:23,-35.363712,149.167711,-2.184,0.023043643683195114,90,0,LAND,False
2026-08-31 10:27:23,-35.363712,149.167711,-2.184,0.02302507497370243,90,0,LAND,False
2026-08-31 10:27:23,-35.363712,149.167711,-2.184,0.02310703508555889,90,0,LAND,False
2026-08-31 10:27:24,-35.363712,149.167711,-2.184,0.023416850715875626,90,0,LAND,False
2026-08-31 10:27:24,-35.363712,149.167711,-2.184,0.023173589259386063,90,0,LAND,False
2026-08-31 10:27:25,-35.363712,149.167711,-2.184,0.023200826719403267,91,0,LAND,False
2026-08-31 10:27:25,-35.363712,149.167711,-2.184,0.02342330291867256,91,0,LAND,False
2026-08-31 10:27:25,-35.363712,149.167711,-2.184,0.022932259365916252,91,0,LAND,False
2026-08-31 10:27:26,-35.363712,149.167711,-2.184,0.022888798266649246,91,0,LAND,False
2026-08-31 10:27:26,-35.363712,149.167711,-2.184,0.022913677617907524,91,0,LAND,False
2026-08-31 10:27:26,-35.363712,149.167711,-2.183,0.022913677617907524,91,0,LAND,False
2026-08-31 10:27:27,-35.363712,149.167711,-2.183,0.02317824959754944,91,0,LAND,False
2026-08-31 10:27:27,-35.363712,149.167711,-2.183,0.022982629016041756,91,0,LAND,False
2026-08-31 10:27:28,-35.363712,149.167711,-2.183,0.0233746487647295,91,0,LAND,False
2026-08-31 10:27:28,-35.363712,149.167711,-2.183,0.02325856126844883,91,0,LAND,False
2026-08-31 10:27:28,-35.363712,149.167711,-2.183,0.02351311407983303,91,0,LAND,False
2026-08-31 10:27:29,-35.363712,149.167711,-2.183,0.0237321387976408,91,0,LAND,False
2026-08-31 10:27:29,-35.363712,149.167711,-2.183,0.02329540252685547,91,0,LAND,False
2026-08-31 10:27:30,-35.363712,149.167711,-2.183,0.023467818275094032,91,0,LAND,False
2026-08-31 10:27:30,-35.363712,149.167711,-2.183,0.023575805127620697,91,0,LAND,False
2026-08-31 10:27:30,-35.363712,149.167711,-2.183,0.02349555492401123,91,0,LAND,False
2026-08-31 10:27:31,-35.363712,149.167711,-2.183,0.02374766208231449,91,0,LAND,False
2026-08-31 10:27:31,-35.363712,149.167711,-2.183,0.023549556732177734,91,0,LAND,False
2026-08-31 10:27:31,-35.363712,149.167711,-2.183,0.02354445308446884,91,0,LAND,False
2026-08-31 10:27:32,-35.363712,149.167711,-2.183,0.023668425157666206,91,0,LAND,False
2026-08-31 10:27:32,-35.363712,149.167711,-2.183,0.023498844355344772,91,0,LAND,False
2026-08-31 10:27:33,-35.363712,149.167711,-2.183,0.02360733598470688,91,0,LAND,False
2026-08-31 10:27:33,-35.363712,149.167711,-2.183,0.023453205823898315,91,0,LAND,False
2026-08-31 10:27:33,-35.363712,149.167711,-2.183,0.023407265543937683,91,0,LAND,False
2026-08-31 10:27:34,-35.363712,149.167711,-2.183,0.023743677884340286,91,0,LAND,False
2026-08-31 10:27:34,-35.363712,149.167711,-2.183,0.023538654670119286,91,0,LAND,False
2026-08-31 10:27:34,-35.363712,149.167711,-2.183,0.023540643975138664,91,0,LAND,False
2026-08-31 10:27:35,-35.363712,149.167711,-2.183,0.02370637096464634,91,0,LAND,False
2026-08-31 10:27:35,-35.363712,149.167711,-2.183,0.023412764072418213,91,0,LAND,False
2026-08-31 10:27:36,-35.363712,149.167711,-2.183,0.02342999167740345,91,0,LAND,False
2026-08-31 10:27:36,-35.363712,149.167711,-2.183,0.023259509354829788,91,0,LAND,False
2026-08-31 10:27:36,-35.363712,149.167711,-2.183,0.023139409720897675,91,0,LAND,False
2026-08-31 10:27:37,-35.363712,149.167711,-2.183,0.02326705865561962,91,0,LAND,False
2026-08-31 10:27:37,-35.363712,149.167711,-2.183,0.023096948862075806,91,0,LAND,False
2026-08-31 10:27:37,-35.363712,149.167711,-2.183,0.023291263729333878,91,0,LAND,False
2026-08-31 10:27:38,-35.363712,149.167711,-2.183,0.023356055840849876,91,0,LAND,False
2026-08-31 10:27:38,-35.363712,149.167711,-2.184,0.023187745362520218,91,0,LAND,False
2026-08-31 10:27:39,-35.363712,149.167711,-2.184,0.02334406040608883,91,0,LAND,False
2026-08-31 10:27:39,-35.363712,149.167711,-2.184,0.02335778810083866,91,0,LAND,False
2026-08-31 10:27:39,-35.363712,149.167711,-2.184,0.023424815386533737,91,0,LAND,False
2026-08-31 10:27:40,-35.363712,149.167711,-2.184,0.023665010929107666,91,0,LAND,False
2026-08-31 10:27:40,-35.363712,149.167711,-2.184,0.023597780615091324,91,0,LAND,False
2026-08-31 10:27:41,-35.363712,149.167711,-2.184,0.023733526468276978,91,0,LAND,False
2026-08-31 10:27:41,-35.363712,149.167711,-2.184,0.023795943707227707,91,0,LAND,False
2026-08-31 10:27:41,-35.363712,149.167711,-2.184,0.02372654154896736,91,0,LAND,False
2026-08-31 10:27:42,-35.363712,149.167711,-2.184,0.023845652118325233,91,0,LAND,False
2026-08-31 10:27:42,-35.363712,149.167711,-2.184,0.0237030740827322,91,0,LAND,False
2026-08-31 10:27:42,-35.363712,149.167711,-2.184,0.02378678135573864,91,0,LAND,False
2026-08-31 10:27:43,-35.363712,149.167711,-2.184,0.02371913380920887,91,0,LAND,False
2026-08-31 10:27:43,-35.363712,149.167711,-2.184,0.023734787479043007,91,0,LAND,False
2026-08-31 10:27:44,-35.363712,149.167711,-2.184,0.02383366972208023,91,0,LAND,False
2026-08-31 10:27:44,-35.363712,149.167711,-2.184,0.023737477138638496,91,0,LAND,False
2026-08-31 10:27:44,-35.363712,149.167711,-2.183,0.023984018713235855,91,0,LAND,False
2026-08-31 10:27:45,-35.363712,149.167711,-2.183,0.024172427132725716,91,0,LAND,False
2026-08-31 10:27:45,-35.363712,149.167711,-2.183,0.023799320682883263,91,0,LAND,False
2026-08-31 10:27:46,-35.363712,149.167711,-2.183,0.023815525695681572,91,0,LAND,False
2026-08-31 10:27:46,-35.363712,149.167711,-2.183,0.023619715124368668,91,0,LAND,False
2026-08-31 10:27:46,-35.363712,149.167711,-2.183,0.02347181923687458,91,0,LAND,False
2026-08-31 10:27:47,-35.363712,149.167711,-2.183,0.023661401122808456,91,0,LAND,False
2026-08-31 10:27:47,-35.363712,149.167711,-2.183,0.023433774709701538,91,0,LAND,False
2026-08-31 10:27:47,-35.363712,149.167711,-2.183,0.023402787744998932,91,0,LAND,False
2026-08-31 10:27:48,-35.363712,149.167711,-2.183,0.02353895641863346,91,0,LAND,False
2026-08-31 10:27:48,-35.363712,149.167711,-2.183,0.023304808884859085,91,0,LAND,False
2026-08-31 10:27:49,-35.363712,149.167711,-2.183,0.023493871092796326,91,0,LAND,False
2026-08-31 10:27:49,-35.363712,149.167711,-2.183,0.023460831493139267,91,0,LAND,False
2026-08-31 10:27:49,-35.363712,149.167711,-2.183,0.023473292589187622,91,0,LAND,False
2026-08-31 10:27:50,-35.363712,149.167711,-2.183,0.02386486530303955,91,0,LAND,False
2026-08-31 10:27:50,-35.363712,149.167711,-2.183,0.023630937561392784,91,0,LAND,False
2026-08-31 10:27:50,-35.363712,149.167711,-2.183,0.023640740662813187,91,0,LAND,False
2026-08-31 10:27:51,-35.363712,149.167711,-2.183,0.023835226893424988,91,0,LAND,False
2026-08-31 10:27:51,-35.363712,149.167711,-2.183,0.02350766211748123,91,0,LAND,False
2026-08-31 10:27:52,-35.363712,149.167711,-2.183,0.02364797703921795,91,0,LAND,False
2026-08-31 10:27:52,-35.363712,149.167711,-2.183,0.02359178476035595,91,0,LAND,False
2026-08-31 10:27:52,-35.363712,149.167711,-2.183,0.02334454655647278,91,0,LAND,False
2026-08-31 10:27:53,-35.363712,149.167711,-2.183,0.0234532468020916,91,0,LAND,False
2026-08-31 10:27:53,-35.363712,149.167711,-2.183,0.023289624601602554,91,0,LAND,False
2026-08-31 10:27:54,-35.363712,149.167711,-2.183,0.023290803655982018,91,0,LAND,False
2026-08-31 10:27:54,-35.363712,149.167711,-2.184,0.023399069905281067,91,0,LAND,False
2026-08-31 10:27:54,-35.363712,149.167711,-2.184,0.023274077102541924,91,0,LAND,False
2026-08-31 10:27:55,-35.363712,149.167711,-2.184,0.023515762761235237,91,0,LAND,False
2026-08-31 10:27:55,-35.363712,149.167711,-2.184,0.02311672829091549,91,0,LAND,False
2026-08-31 10:27:56,-35.363712,149.167711,-2.184,0.02349059469997883,91,0,LAND,False
2026-08-31 10:27:56,-35.363712,149.167711,-2.184,0.02316385693848133,91,0,LAND,False
2026-08-31 10:27:56,-35.363712,149.167711,-2.184,0.023073075339198112,91,0,LAND,False
2026-08-31 10:27:57,-35.363712,149.167711,-2.184,0.023116884753108025,91,0,LAND,False
2026-08-31 10:27:57,-35.363712,149.167711,-2.184,0.022931953892111778,91,0,LAND,False
2026-08-31 10:27:57,-35.363712,149.167711,-2.184,0.023049069568514824,91,0,LAND,False
2026-08-31 10:27:58,-35.363712,149.167711,-2.184,0.023158680647611618,91,0,LAND,False
2026-08-31 10:27:58,-35.363712,149.167711,-2.184,0.023081310093402863,91,0,LAND,False
2026-08-31 10:27:59,-35.363712,149.167711,-2.184,0.02322501316666603,91,0,LAND,False
2026-08-31 10:27:59,-35.363712,149.167711,-2.184,0.02315930277109146,91,0,LAND,False
2026-08-31 10:27:59,-35.363712,149.167711,-2.184,0.0232528243213892,91,0,LAND,False
2026-08-31 10:28:00,-35.363712,149.167711,-2.184,0.02351054921746254,91,0,LAND,False
2026-08-31 10:28:00,-35.363712,149.167711,-2.184,0.023407837375998497,91,0,LAND,False
2026-08-31 10:28:00,-35.363712,149.167711,-2.184,0.023459812626242638,91,0,LAND,False
2026-08-31 10:28:01,-35.363712,149.167711,-2.184,0.023826206102967262,91,0,LAND,False
2026-08-31 10:28:01,-35.363712,149.167711,-2.184,0.02368016541004181,91,0,LAND,False
2026-08-31 10:28:02,-35.363712,149.167711,-2.184,0.023591119796037674,91,0,LAND,False
2026-08-31 10:28:02,-35.363712,149.167711,-2.184,0.02362942509353161,91,0,LAND,False
2026-08-31 10:28:02,-35.363712,149.167711,-2.184,0.023560186848044395,91,0,LAND,False
2026-08-31 10:28:03,-35.363712,149.167711,-2.184,0.02371315285563469,91,0,LAND,False
2026-08-31 10:28:03,-35.363712,149.167711,-2.184,0.02355078235268593,91,0,LAND,False
2026-08-31 10:28:04,-35.363712,149.167711,-2.183,0.023704860359430313,91,0,LAND,False
2026-08-31 10:28:04,-35.363712,149.167711,-2.183,0.02378816343843937,91,0,LAND,False
2026-08-31 10:28:04,-35.363712,149.167711,-2.183,0.023752892389893532,91,0,LAND,False
2026-08-31 10:28:05,-35.363712,149.167711,-2.183,0.02386508136987686,91,0,LAND,False
2026-08-31 10:28:05,-35.363712,149.167711,-2.183,0.023764189332723618,91,0,LAND,False
2026-08-31 10:28:05,-35.363712,149.167711,-2.183,0.02382696606218815,91,0,LAND,False
2026-08-31 10:28:06,-35.363712,149.167711,-2.183,0.02392263524234295,91,0,LAND,False
2026-08-31 10:28:06,-35.363712,149.167711,-2.183,0.023743100464344025,91,0,LAND,False
2026-08-31 10:28:07,-35.363712,149.167711,-2.183,0.02408883348107338,91,0,LAND,False
2026-08-31 10:28:07,-35.363712,149.167711,-2.183,0.02367032691836357,91,0,LAND,False
2026-08-31 10:28:07,-35.363712,149.167711,-2.183,0.02370140701532364,91,0,LAND,False
2026-08-31 10:28:08,-35.363712,149.167711,-2.183,0.02384163998067379,91,0,LAND,False
2026-08-31 10:28:08,-35.363712,149.167711,-2.183,0.023685907945036888,91,0,LAND,False
2026-08-31 10:28:08,-35.363712,149.167711,-2.183,0.02371586672961712,91,0,LAND,False
2026-08-31 10:28:09,-35.363712,149.167711,-2.183,0.023681500926613808,91,0,LAND,False
2026-08-31 10:28:09,-35.363712,149.167711,-2.183,0.02359834499657154,91,0,LAND,False
2026-08-31 10:28:10,-35.363712,149.167711,-2.183,0.023930607363581657,91,0,LAND,False
2026-08-31 10:28:10,-35.363712,149.167711,-2.183,0.023796549066901207,91,0,LAND,False
2026-08-31 10:28:10,-35.363712,149.167711,-2.183,0.0238699521869421,91,0,LAND,False
2026-08-31 10:28:11,-35.363712,149.167711,-2.183,0.02408898063004017,91,0,LAND,False
2026-08-31 10:28:11,-35.363712,149.167711,-2.183,0.02368973195552826,91,0,LAND,False
2026-08-31 10:28:12,-35.363712,149.167711,-2.183,0.02369486726820469,91,0,LAND,False
2026-08-31 10:28:12,-35.363712,149.167711,-2.183,0.02353302389383316,91,0,LAND,False
2026-08-31 10:28:12,-35.363712,149.167711,-2.183,0.02349882945418358,91,0,LAND,False
2026-08-31 10:28:13,-35.363712,149.167711,-2.183,0.02384360507130623,91,0,LAND,False
2026-08-31 10:28:13,-35.363712,149.167711,-2.183,0.023642130196094513,91,0,LAND,False
2026-08-31 10:28:13,-35.363712,149.167711,-2.183,0.02355663664638996,91,0,LAND,False
2026-08-31 10:28:14,-35.363712,149.167711,-2.183,0.023613104596734047,91,0,LAND,False
2026-08-31 10:28:14,-35.363712,149.167711,-2.183,0.023349860683083534,91,0,LAND,False
2026-08-31 10:28:15,-35.363712,149.167711,-2.183,0.02356007508933544,91,0,LAND,False
2026-08-31 10:28:15,-35.363712,149.167711,-2.183,0.023497452959418297,91,0,LAND,False
2026-08-31 10:28:15,-35.363712,149.167711,-2.183,0.023534031584858894,91,0,LAND,False
2026-08-31 10:28:16,-35.363712,149.167711,-2.183,0.024058593437075615,91,0,LAND,False
2026-08-31 10:28:16,-35.363712,149.167711,-2.183,0.0239088237285614,91,0,LAND,False
2026-08-31 10:28:17,-35.363712,149.167711,-2.183,0.02389327809214592,91,0,LAND,False
2026-08-31 10:28:17,-35.363712,149.167711,-2.183,0.02414991334080696,91,0,LAND,False
2026-08-31 10:28:17,-35.363712,149.167711,-2.183,0.023865005001425743,91,0,LAND,False
2026-08-31 10:28:18,-35.363712,149.167711,-2.183,0.02382417395710945,91,0,LAND,False
2026-08-31 10:28:18,-35.363712,149.167711,-2.183,0.02379036508500576,91,0,LAND,False
2026-08-31 10:28:18,-35.363712,149.167711,-2.183,0.023795319721102715,91,0,LAND,False
2026-08-31 10:28:19,-35.363712,149.167711,-2.183,0.02387063018977642,91,0,LAND,False
2026-08-31 10:28:19,-35.363712,149.167711,-2.183,0.023622386157512665,91,0,LAND,False
2026-08-31 10:28:20,-35.363712,149.167711,-2.183,0.023825090378522873,91,0,LAND,False
2026-08-31 10:28:20,-35.363712,149.167711,-2.183,0.02391599863767624,91,0,LAND,False
2026-08-31 10:28:20,-35.363712,149.167711,-2.183,0.02403835952281952,91,0,LAND,False
2026-08-31 10:28:21,-35.363712,149.167711,-2.183,0.024156149476766586,91,0,LAND,False
2026-08-31 10:28:21,-35.363712,149.167711,-2.184,0.024064723402261734,91,0,LAND,False
2026-08-31 10:28:22,-35.363712,149.167711,-2.184,0.02425922453403473,91,0,LAND,False
2026-08-31 10:28:22,-35.363712,149.167711,-2.184,0.024412136524915695,91,0,LAND,False
2026-08-31 10:28:22,-35.363712,149.167711,-2.184,0.024166591465473175,91,0,LAND,False
2026-08-31 10:28:23,-35.363712,149.167711,-2.184,0.02433442510664463,91,0,LAND,False
2026-08-31 10:28:23,-35.363712,149.167711,-2.184,0.024040933698415756,91,0,LAND,False
2026-08-31 10:28:23,-35.363712,149.167711,-2.184,0.024053875356912613,91,0,LAND,False
2026-08-31 10:28:24,-35.363712,149.167711,-2.184,0.024243252351880074,91,0,LAND,False
2026-08-31 10:28:24,-35.363712,149.167711,-2.184,0.023904846981167793,91,0,LAND,False
2026-08-31 10:28:25,-35.363712,149.167711,-2.184,0.024029046297073364,91,0,LAND,False
2026-08-31 10:28:25,-35.363712,149.167711,-2.184,0.023781077936291695,91,0,LAND,False
